fid,set,population,n_candidates,top1_conf,top1_iou,top1_R,top1_t,top1_corner,top1_s5,best_iou_conf,best_iou_rank,detected_at_0.40,detected_at_tau_star,recovered
1778651518865604096,eval_outside,REAL_DEV_OPEN_56,2,0.9056753516197205,0.8977013580510881,2.5495684863111046,0.17496820119800588,7.373324796489472,0,0.9056753516197205,1,1,1,0
1778651519235162880,eval_outside,REAL_DEV_OPEN_56,3,0.8866291046142578,0.9154861417712399,1.3634646569901987,0.220635281737,8.200035425313029,0,0.8866291046142578,1,1,1,0
1778651530691638016,eval_outside,REAL_DEV_OPEN_56,2,0.8704738616943359,0.8661984019742972,1.167918370851895,0.10817274744525664,6.633904158092319,0,0.8704738616943359,1,1,1,0
1778651569891693056,eval_outside,REAL_DEV_OPEN_56,2,0.5799022912979126,0.2114602253269979,4.3399748082804575,6.454554555224011,96.91332394257358,0,,,1,1,0
1778651579029250816,eval_outside,REAL_DEV_OPEN_56,2,0.515810489654541,0.2170438623737159,5.539735843603599,6.706012905810748,99.6901019892119,0,,,1,1,0
1778651618049498624,eval_outside,REAL_DEV_OPEN_56,7,0.44768592715263367,0.41597534225794097,12.614162949279828,4.727925335220528,56.20932464187594,0,0.017413489520549774,3,1,1,0
1778651650570397184,eval_outside,REAL_DEV_OPEN_56,8,0.06578055769205093,0.3367605513816079,13.938311472557785,5.275578955699618,78.19310703554618,0,0.021925952285528183,2,0,1,1
1778651650839160832,eval_outside,REAL_DEV_OPEN_56,6,0.19104497134685516,0.26931429486782393,8.05191644138393,4.930556166400939,91.47054665963483,0,0.0067460439167916775,2,0,1,1
1778651651444080384,eval_outside,REAL_DEV_OPEN_56,4,0.13108618557453156,0.5708573006583021,7.7629190419562795,1.2899252593261505,60.85833402739334,0,0.13108618557453156,1,0,1,1
1778653337772735232,eval_outside,REAL_DEV_OPEN_56,6,0.08439856022596359,0.42485207738227165,2.67092549818569,5.016098121941994,38.88103202328681,0,,,0,1,1
1778653345465966336,eval_outside,REAL_DEV_OPEN_56,3,0.15395168960094452,0.7569154953646475,0.9607312261538828,0.018025275563176898,4.048487901964057,1,0.15395168960094452,1,0,1,1
1778653364045039360,eval_outside,REAL_DEV_OPEN_56,4,0.7484413981437683,0.9444226808685595,4.9083253482613625,0.0464398895253875,10.68425399446949,1,0.7484413981437683,1,1,1,0
1778653367706938112,eval_outside,REAL_DEV_OPEN_56,13,0.47698166966438293,0.9143838196737958,8.35460732172585,0.08083461360420821,14.517650562476499,0,0.47698166966438293,1,1,1,0
1778653378457989888,eval_outside,REAL_DEV_OPEN_56,6,0.8607007265090942,0.8694317268406956,8.180328907489105,0.06803373799421705,14.605353974313555,0,0.8607007265090942,1,1,1,0
1778653455932024064,eval_outside,REAL_DEV_OPEN_56,3,0.7958157658576965,0.9409166186080018,3.408211757864635,0.05383627612968955,6.042865026757706,0,0.7958157658576965,1,1,1,0
1778653498432396288,eval_outside,REAL_DEV_OPEN_56,6,0.909935474395752,0.9090357775445331,3.2804816532702095,0.260814046131473,5.886213201927777,0,0.909935474395752,1,1,1,0
1778653508779767808,eval_outside,REAL_DEV_OPEN_56,13,0.5933147668838501,0.8851897371319712,4.542395877109798,0.29388670444433834,5.467801155533698,0,0.5933147668838501,1,1,1,0
1778653522084302848,eval_outside,REAL_DEV_OPEN_56,7,0.8780291676521301,0.7752724217984744,1.9896889902413568,0.05714515240442232,3.3014325046719266,0,0.8780291676521301,1,1,1,0
1778653526955536896,eval_outside,REAL_DEV_OPEN_56,5,0.3327358663082123,0.9042578467491751,4.329868066333206,0.1246295680802096,6.094515580458843,0,0.3327358663082123,1,0,1,1
1778653539789436160,eval_outside,REAL_DEV_OPEN_56,2,0.9436296224594116,0.8282862839939336,1.9485333322798246,0.02249747532482892,3.8539231691185827,1,0.9436296224594116,1,1,1,0
1778653540259983104,eval_outside,REAL_DEV_OPEN_56,2,0.9477716088294983,0.9194422535465203,1.0780081370355914,0.029586921191789625,4.234481758594544,1,0.9477716088294983,1,1,1,0
1778653545299653120,eval_outside,REAL_DEV_OPEN_56,1,0.9273043870925903,0.9168204399264495,0.9786017941357047,0.05401752772581411,11.386116928959627,0,0.9273043870925903,1,1,1,0
1775201414728017664,eval_noapril,REAL_DEV_OPEN_56,1,0.9613998532295227,0.932673498178508,1.5572590812960323,0.028480097485436957,4.830360563800779,1,0.9613998532295227,1,1,1,0
1775201415399297536,eval_noapril,REAL_DEV_OPEN_56,1,0.8929381966590881,0.9508344041738049,2.2408219931280686,0.029512934283987866,3.8593311077600663,1,0.8929381966590881,1,1,1,0
1775201416944730624,eval_noapril,REAL_DEV_OPEN_56,1,0.9517239332199097,0.9494212104142018,0.44074025230241715,0.024212010750166307,3.7073978239133742,1,0.9517239332199097,1,1,1,0
1775201418120676608,eval_noapril,REAL_DEV_OPEN_56,1,0.9332009553909302,0.9649310533121987,0.9165961517328275,0.034295983030160654,2.1699700511335447,1,0.9332009553909302,1,1,1,0
1775201421043401984,eval_noapril,REAL_DEV_OPEN_56,1,0.9576252698898315,0.9674595759761807,0.5586895996628508,0.014119526858605633,1.9946784040879004,1,0.9576252698898315,1,1,1,0
1775201428535961600,eval_noapril,REAL_DEV_OPEN_56,1,0.9483822584152222,0.9499595807743823,0.9886969081815787,0.030415369054632067,2.329516297588555,1,0.9483822584152222,1,1,1,0
1775201429879521792,eval_noapril,REAL_DEV_OPEN_56,3,0.9493755102157593,0.9616280640246929,0.7138455285232225,0.03867483055605355,2.333014615511403,1,0.9493755102157593,1,1,1,0
1775201430551447040,eval_noapril,REAL_DEV_OPEN_56,1,0.9638331532478333,0.9447446310171596,1.4801581761042015,0.08127524198565761,3.88210650075154,0,0.9638331532478333,1,1,1,0
1775201430786751744,eval_noapril,REAL_DEV_OPEN_56,2,0.9031143188476562,0.9576925246524882,0.8548243774412432,0.030124947659702733,3.216736947242948,1,0.9031143188476562,1,1,1,0
1775201436800711168,eval_noapril,REAL_DEV_OPEN_56,1,0.9703620076179504,0.9725257599732089,1.257166106698909,0.010870340946241631,4.801562185741693,1,0.9703620076179504,1,1,1,0
1775201442546213120,eval_noapril,REAL_DEV_OPEN_56,1,0.9651439785957336,0.9656752723617305,1.5267257584827005,0.011542806051124885,4.626243227368815,1,0.9651439785957336,1,1,1,0
1775201443822140928,eval_noapril,REAL_DEV_OPEN_56,3,0.9355556964874268,0.9914608243691261,1.3312423705825474,0.02473641950758582,5.9917287521779095,1,0.9355556964874268,1,1,1,0
1778653003088339968,eval_cad,REAL_DEV_OPEN_56,4,0.968183159828186,0.9928647576593519,0.9807753800270201,0.007357936794969228,11.316056268952446,1,0.968183159828186,1,1,1,0
1778653006783606016,eval_cad,REAL_DEV_OPEN_56,1,0.9678351879119873,0.9705319003852874,2.8833518148234276,0.03321283930251478,4.883373512288745,1,0.9678351879119873,1,1,1,0
1778653007724386048,eval_cad,REAL_DEV_OPEN_56,1,0.958571195602417,0.9650311270607019,2.2662462652397353,0.015404956299397653,8.569001021489413,1,0.958571195602417,1,1,1,0
1778653017736058368,eval_cad,REAL_DEV_OPEN_56,2,0.9353963136672974,0.9697072746808469,2.779911101713438,0.04340482405069123,20.515994154023396,1,0.9353963136672974,1,1,1,0
1778653018878592768,eval_cad,REAL_DEV_OPEN_56,3,0.9248490333557129,0.9583623815994431,2.518092978869656,0.033316835626349565,19.009422392290197,1,0.9248490333557129,1,1,1,0
1778653020759897344,eval_cad,REAL_DEV_OPEN_56,1,0.9338916540145874,0.7496310030094545,1.6816597668097797,0.07162013180437676,22.052518171737198,0,0.9338916540145874,1,1,1,0
1778653029965134592,eval_cad,REAL_DEV_OPEN_56,1,0.9675031304359436,0.9784171135040438,4.230390511078544,0.048522637410230184,10.618510743776058,1,0.9675031304359436,1,1,1,0
1778653030032337920,eval_cad,REAL_DEV_OPEN_56,2,0.9467796683311462,0.9711151312672078,4.098775484270463,0.04351373616940325,8.519550535302118,1,0.9467796683311462,1,1,1,0
1778653030099587072,eval_cad,REAL_DEV_OPEN_56,6,0.9672695994377136,0.9742730891356309,3.2129208762777894,0.042309142408455486,7.742544339014918,1,0.9672695994377136,1,1,1,0
1778653030166875904,eval_cad,REAL_DEV_OPEN_56,3,0.9693264365196228,0.9818799986716074,3.5980909816139692,0.04053354087764927,10.652790677151103,1,0.9693264365196228,1,1,1,0
1778653030233998336,eval_cad,REAL_DEV_OPEN_56,2,0.9687970280647278,0.9722341840121553,2.6365779058341263,0.03673953972437549,9.390211413627533,1,0.9687970280647278,1,1,1,0
1778653030939714816,eval_cad,REAL_DEV_OPEN_56,1,0.9686207175254822,0.9640439377993568,2.8286251479414295,0.021494157934152675,10.255724933192447,1,0.9686207175254822,1,1,1,0
1778653031275751936,eval_cad,REAL_DEV_OPEN_56,1,0.9677542448043823,0.9357393606740942,1.881426699422601,0.015171824721915743,9.886983288741703,1,0.9677542448043823,1,1,1,0
1778653033056483584,eval_cad,REAL_DEV_OPEN_56,1,0.9453492760658264,0.9262814441364149,1.693862363489309,0.0377037115215661,16.096634105552834,1,0.9453492760658264,1,1,1,0
1778653041187027200,eval_cad,REAL_DEV_OPEN_56,1,0.962000846862793,0.9505142196615738,3.776143668813159,0.04153473371309494,11.274046315487166,1,0.962000846862793,1,1,1,0
1778653055734035712,eval_cad,REAL_DEV_OPEN_56,3,0.9699946641921997,0.9504814231706319,0.8050711625210388,0.01574882240748934,13.504395738469698,1,0.9699946641921997,1,1,1,0
1778653055801377280,eval_cad,REAL_DEV_OPEN_56,1,0.951400637626648,0.9511826352245314,1.8013266344208199,0.020634143614167544,12.621643482545364,1,0.951400637626648,1,1,1,0
1778653055868669952,eval_cad,REAL_DEV_OPEN_56,1,0.940169095993042,0.9491367402432918,2.2860213623750636,0.018907989661231236,13.973533309272076,1,0.940169095993042,1,1,1,0
1778653056137140480,eval_cad,REAL_DEV_OPEN_56,2,0.6253710985183716,0.9815327742645091,1.5809467085407265,0.017285299039428687,11.545362524724208,1,0.6253710985183716,1,1,1,0
1778653072734532096,eval_cad,REAL_DEV_OPEN_56,9,0.5432372093200684,0.4448343358436662,5.090616221078356,0.1999769863586857,26.729022020128372,0,0.035274479538202286,3,1,1,0
1778653072835089920,eval_cad,REAL_DEV_OPEN_56,6,0.7286849617958069,0.42094419831871127,5.5616594225248,0.2224973946123321,17.03718091396643,0,0.049595315009355545,4,1,1,0
1778653072868820224,eval_cad,REAL_DEV_OPEN_56,6,0.6588454842567444,0.4015369373203111,6.7991875775808195,0.26808935227705627,14.864589954023252,0,0.09338401257991791,3,1,1,0
1778652124170068224,eval_pallet07,REAL_CHALLENGE_DEV_105,2,0.9415188431739807,0.9406734558654614,0.9880434767379883,0.047779455555491436,9.659552062176108,1,0.9415188431739807,1,1,1,0
1778652125245035520,eval_pallet07,REAL_CHALLENGE_DEV_105,1,0.9386320114135742,0.9337234727838597,2.1925289537506156,0.048738626606858154,7.507799733356681,1,0.9386320114135742,1,1,1,0
1778652126319943168,eval_pallet07,REAL_CHALLENGE_DEV_105,1,0.94052654504776,0.9282085855177032,0.9202505629230128,0.023224732964332487,4.922065648550477,1,0.94052654504776,1,1,1,0
1778652127361815808,eval_pallet07,REAL_CHALLENGE_DEV_105,2,0.7413755655288696,0.9746752246475603,3.533458626422116,0.03714218200471643,6.792693187701045,1,0.7413755655288696,1,1,1,0
1778652128369383168,eval_pallet07,REAL_CHALLENGE_DEV_105,3,0.6822883486747742,0.9623235698335432,3.7169186740725078,0.01184032685218604,8.63093849682452,1,0.6822883486747742,1,1,1,0
1778652130452698368,eval_pallet07,REAL_CHALLENGE_DEV_105,1,0.9377869963645935,0.9510519717863459,3.270649039520116,0.017434328350670686,11.683009506441953,1,0.9377869963645935,1,1,1,0
1778652132535256576,eval_pallet07,REAL_CHALLENGE_DEV_105,3,0.8921974301338196,0.9727777495865048,1.7018367526839866,0.012946539243983545,7.754452542054471,1,0.8921974301338196,1,1,1,0
1778652134517495552,eval_pallet07,REAL_CHALLENGE_DEV_105,2,0.9582070112228394,0.9751320415209733,2.0097850745955297,0.02606508886217049,6.574759204861023,1,0.9582070112228394,1,1,1,0
1778652136533958400,eval_pallet07,REAL_CHALLENGE_DEV_105,3,0.965765118598938,0.9406986390713439,1.9495720200988693,0.021769057569447258,6.183795209577788,1,0.965765118598938,1,1,1,0
1778652138515809024,eval_pallet07,REAL_CHALLENGE_DEV_105,4,0.9605981707572937,0.9453885606419745,97.008052850487,0.08890591276926355,243.96068291240988,0,0.9605981707572937,1,1,1,0
1778652140531310080,eval_pallet07,REAL_CHALLENGE_DEV_105,1,0.933994710445404,0.8937151242726489,2.3502908594544847,0.13538263956227953,9.640882160020954,0,0.933994710445404,1,1,1,0
1778652142480077056,eval_pallet07,REAL_CHALLENGE_DEV_105,3,0.8908171057701111,0.8948177303792003,1.9527850031348462,0.035779500111190174,14.673919776667917,1,0.8908171057701111,1,1,1,0
1778652144496057088,eval_pallet07,REAL_CHALLENGE_DEV_105,5,0.8213613033294678,0.8423538473403122,5.941062167766269,0.2111331168950673,43.35536038030693,0,0.8213613033294678,1,1,1,0
1778652146612550912,eval_pallet07,REAL_CHALLENGE_DEV_105,6,0.7422387599945068,0.8211110026964865,4.246255341785663,0.15047885919012632,21.037385125888107,0,0.7422387599945068,1,1,1,0
1778652148628229376,eval_pallet07,REAL_CHALLENGE_DEV_105,2,0.836386501789093,0.6385677052663942,0.7511609888440313,0.7596275978800647,66.21212654078593,0,0.836386501789093,1,1,1,0
1778652150610404864,eval_pallet07,REAL_CHALLENGE_DEV_105,5,0.8706613779067993,0.8731983729572208,5.91619952535427,0.04253105716182516,17.127825585458897,0,0.8706613779067993,1,1,1,0
1778652152626116352,eval_pallet07,REAL_CHALLENGE_DEV_105,3,0.6680727005004883,0.7804686707313282,17.146767146934486,0.15446831247498252,43.88744976787548,0,0.6680727005004883,1,1,1,0
1778652154608392192,eval_pallet07,REAL_CHALLENGE_DEV_105,5,0.5241530537605286,0.8454601983315548,18.223033294445347,0.22367896504298157,61.12356882232695,0,0.5241530537605286,1,1,1,0
1778652156557165568,eval_pallet07,REAL_CHALLENGE_DEV_105,2,0.9309619665145874,0.8393232905126069,8.441737569594034,0.1607876024006639,26.93991527185086,0,0.9309619665145874,1,1,1,0
1778652158404883456,eval_pallet07,REAL_CHALLENGE_DEV_105,1,0.950923502445221,0.9615718006208724,5.342200698650208,0.07100609046893389,17.812976976269045,0,0.950923502445221,1,1,1,0
1778652166837872128,eval_pallet07,REAL_CHALLENGE_DEV_105,10,0.7707333564758301,0.9607292893212126,94.40501252684066,0.08902131183686773,289.4603303066474,0,0.7707333564758301,1,1,1,0
1778652168786111744,eval_pallet07,REAL_CHALLENGE_DEV_105,8,0.9031156897544861,0.8948056757245814,87.00501620384696,0.0958433439916761,292.9515630722146,0,0.9031156897544861,1,1,1,0
1778652170735118080,eval_pallet07,REAL_CHALLENGE_DEV_105,4,0.9235915541648865,0.9328709755113492,3.7387451746803486,0.06691960423512638,18.158351602863124,0,0.9235915541648865,1,1,1,0
1778652172717607680,eval_pallet07,REAL_CHALLENGE_DEV_105,6,0.4471839666366577,0.9116186458773207,2.41763618140652,0.03377094010679964,10.351475257305431,1,0.4471839666366577,1,1,1,0
1778652174598774528,eval_pallet07,REAL_CHALLENGE_DEV_105,4,0.9180336594581604,0.8814663612859238,5.133641539679686,0.03781651832961343,15.929136090993403,0,0.9180336594581604,1,1,1,0
1778652176547299328,eval_pallet07,REAL_CHALLENGE_DEV_105,5,0.8841471672058105,0.864286248050593,3.4313017850793877,0.05710767179683677,17.01811746360869,0,0.8841471672058105,1,1,1,0
1778652178428551168,eval_pallet07,REAL_CHALLENGE_DEV_105,3,0.92109215259552,0.8643200117778883,3.2387581671234167,0.05589773089786593,12.69435731962124,0,0.92109215259552,1,1,1,0
1778653619758178816,eval_pallet09,REAL_CHALLENGE_DEV_105,19,0.2136555165052414,0.21295982125464422,10.362883076321358,7.336780120372376,40.500046381986145,0,0.002265519229695201,15,0,1,1
1778653630038417664,eval_pallet09,REAL_CHALLENGE_DEV_105,12,0.4437748193740845,0.3295213790616545,31.73543233609809,0.867720491840518,195.67430903199113,0,0.26894545555114746,2,1,1,0
1778653632188551424,eval_pallet09,REAL_CHALLENGE_DEV_105,5,0.6972032189369202,0.8167334517145061,9.39925221589347,0.10321591057374166,12.6769044956733,0,0.6972032189369202,1,1,1,0
1778653634641026304,eval_pallet09,REAL_CHALLENGE_DEV_105,4,0.8570303320884705,0.8091105640791239,4.0043252265811695,0.114601608859863,7.024187234671601,0,0.8570303320884705,1,1,1,0
1778653643678509824,eval_pallet09,REAL_CHALLENGE_DEV_105,10,0.7534962296485901,0.8758096458269637,6.0745162334213205,0.15276247662822215,6.414999471370328,0,0.7534962296485901,1,1,1,0
1778653659065885952,eval_pallet09,REAL_CHALLENGE_DEV_105,9,0.7005739808082581,0.8383831555660026,49.63301952042989,1.0406889875384362,76.98337855348558,0,0.7005739808082581,1,1,1,0
1778653661653195264,eval_pallet09,REAL_CHALLENGE_DEV_105,6,0.19835685193538666,0.7740021413773222,62.03665100341403,0.07186878285500976,89.79088746805084,0,0.19835685193538666,1,0,1,1
1778653664407620608,eval_pallet09,REAL_CHALLENGE_DEV_105,5,0.7555087804794312,0.9396437903063427,93.50847881489697,0.08645407149556326,181.9723252634668,0,0.7555087804794312,1,1,1,0
1778653674184865536,eval_pallet09,REAL_CHALLENGE_DEV_105,2,0.9139778017997742,0.9276524124061135,95.58829349817303,0.0707100732292439,224.58945493327536,0,0.9139778017997742,1,1,1,0
1778653693804927232,eval_pallet09,REAL_CHALLENGE_DEV_105,5,0.196244016289711,0.6266134980581535,1.8289734303882956,0.4285338612194401,5.427757843979635,0,0.196244016289711,1,0,1,1
1778653699314620416,eval_pallet09,REAL_CHALLENGE_DEV_105,7,0.3285079598426819,0.8269469367497071,3.074812242872209,0.13492454301410595,7.1406645777250635,0,0.3285079598426819,1,0,1,1
1778653704118966272,eval_pallet09,REAL_CHALLENGE_DEV_105,3,0.009688079357147217,0.6086709568413116,3.113619787423047,0.6452566270085313,9.443196701571601,0,0.009688079357147217,1,0,1,1
1778653706706429696,eval_pallet09,REAL_CHALLENGE_DEV_105,11,0.5178706645965576,0.8310925225797966,6.188125534573212,0.38559668239037925,10.144486415539832,0,0.5178706645965576,1,1,1,0
1778653709259341568,eval_pallet09,REAL_CHALLENGE_DEV_105,6,0.4374907314777374,0.8216783787011569,2.068261115602558,0.12328980289778352,6.65660241613246,0,0.4374907314777374,1,1,1,0
1778653711544007680,eval_pallet09,REAL_CHALLENGE_DEV_105,8,0.2652319073677063,0.886159459051216,3.0297318248096903,0.07350950714598076,6.440581770355,0,0.2652319073677063,1,0,1,1
1778653713962971904,eval_pallet09,REAL_CHALLENGE_DEV_105,11,0.7545347213745117,0.733887297573076,1.4983813703388458,0.43869802382057005,10.938458566160126,0,0.7545347213745117,1,1,1,0
1778653721118964736,eval_pallet09,REAL_CHALLENGE_DEV_105,5,0.6886324882507324,0.812987652679951,9.663044601723426,0.12853307082263657,14.957593814970215,0,0.6886324882507324,1,1,1,0
1778653723571790336,eval_pallet09,REAL_CHALLENGE_DEV_105,10,0.6784672141075134,0.669943175788822,14.185487907059688,0.5288415980930149,80.75947461727472,0,0.6784672141075134,1,1,1,0
1778653730458996736,eval_pallet09,REAL_CHALLENGE_DEV_105,4,0.8917081356048584,0.8632237810728308,10.840771041147862,0.0954031174009284,18.44484733871993,0,0.8917081356048584,1,1,1,0
1778653738858078976,eval_pallet09,REAL_CHALLENGE_DEV_105,5,0.9055994749069214,0.9385519784451716,11.20554375660314,0.10647689724588964,20.024568595457847,0,0.9055994749069214,1,1,1,0
1778653793553994496,eval_pallet09,REAL_CHALLENGE_DEV_105,4,0.4274294078350067,0.7242316392019437,1.509216330553313,1.0766656084790858,51.54406339928123,0,0.4274294078350067,1,1,1,0
1778653796073599488,eval_pallet09,REAL_CHALLENGE_DEV_105,3,0.08944850414991379,0.3478296373285914,19.325853872081137,2.6229935828748694,115.2970084733482,0,0.0016522683436051011,3,0,1,1
1778653798391620864,eval_pallet09,REAL_CHALLENGE_DEV_105,1,0.09003609418869019,0.40428617465522354,21.43045549588064,2.704202012708005,87.32394910019889,0,,,0,1,1
1778653804674198784,eval_pallet09,REAL_CHALLENGE_DEV_105,8,0.06353681534528732,0.0,37.1013574733755,29.778652670544172,420.9923245835181,0,,,0,1,1
1778653806958839552,eval_pallet09,REAL_CHALLENGE_DEV_105,2,,,,,,,,,0,0,0
1778653811763352320,eval_pallet09,REAL_CHALLENGE_DEV_105,1,0.3387898802757263,0.3097290564302167,28.310536749318395,2.123094958410027,115.98795335522979,0,,,0,1,1
1778653814384002560,eval_pallet09,REAL_CHALLENGE_DEV_105,6,0.16154293715953827,0.5263159599436888,27.082971029166764,1.2829883623123894,101.4442119336174,0,0.16154293715953827,1,0,1,1
1778653821069351168,eval_pallet09,REAL_CHALLENGE_DEV_105,7,0.14366759359836578,0.49220254220278764,20.694051571167687,1.6912807228702724,107.91163123602198,0,0.12402411550283432,2,0,1,1
1778653823253508096,eval_pallet09,REAL_CHALLENGE_DEV_105,2,0.5211644172668457,0.7156278261714182,11.163631260625188,0.364164827868532,19.615753171650972,0,0.5211644172668457,1,1,1,0
1778653832794714368,eval_pallet09,REAL_CHALLENGE_DEV_105,4,0.24703148007392883,0.5487241057494263,7.55541836324685,0.41088939785154044,28.91388529081709,0,0.24703148007392883,1,0,1,1
1778653871330109184,eval_pallet09,REAL_CHALLENGE_DEV_105,4,0.012367291375994682,0.74071406808762,7.387359397810018,0.9771026924342785,55.511576504528726,0,0.012367291375994682,1,0,1,1
1778653882316513792,eval_pallet09,REAL_CHALLENGE_DEV_105,6,0.10531944781541824,0.7880629931330122,5.368664519525059,0.0419998034192139,9.588196629850092,0,0.10531944781541824,1,0,1,1
1778653884903302656,eval_pallet09,REAL_CHALLENGE_DEV_105,5,0.7069959044456482,0.8260107332551199,2.697688765065232,0.03469944638520147,7.882918927649881,1,0.7069959044456482,1,1,1,0
1778653889069260032,eval_pallet09,REAL_CHALLENGE_DEV_105,9,0.3680046796798706,0.8502571730732279,7.833869317479687,0.21813255564849016,19.478800663862735,0,0.3680046796798706,1,0,1,1
1778653898342159872,eval_pallet09,REAL_CHALLENGE_DEV_105,12,0.7347434163093567,0.8268927582991366,5.113347874899735,0.06829192439194598,11.655501145055446,0,0.7347434163093567,1,1,1,0
1778653907581160960,eval_pallet09,REAL_CHALLENGE_DEV_105,12,0.3202347457408905,0.07515143549847982,10.806814422080622,0.7540851970707853,66.31020930572582,0,,,0,1,1
1779449467555301888,eval_night08,REAL_CHALLENGE_DEV_105,18,0.19963814318180084,0.0,11.073095847682882,21.030147568926317,149.83729904548034,0,0.024589790031313896,4,0,1,1
1779449470423201536,eval_night08,REAL_CHALLENGE_DEV_105,16,0.33718177676200867,0.0,5.959285913519939,17.256651729827947,160.6060388606093,0,0.006867617834359407,6,0,1,1
1779449475060066816,eval_night08,REAL_CHALLENGE_DEV_105,14,0.14794552326202393,0.0,16.857169476895457,19.085708158806536,152.64731925042616,0,0.012579060159623623,6,0,1,1
1779449479095927552,eval_night08,REAL_CHALLENGE_DEV_105,16,0.22172057628631592,0.0,12.06624582014105,18.649008713538706,149.15842789221176,0,0.09051330387592316,4,0,1,1
1779449481331070208,eval_night08,REAL_CHALLENGE_DEV_105,14,0.10756869614124298,0.5653309918299432,23.644090048293993,0.8574546996272382,62.86556996404073,0,0.10756869614124298,1,0,1,1
1779449483432542720,eval_night08,REAL_CHALLENGE_DEV_105,9,0.04257862642407417,0.0,5.752546128775849,15.608335385610687,201.79415295821792,0,0.012174963019788265,4,0,1,1
1779449485800670464,eval_night08,REAL_CHALLENGE_DEV_105,6,0.03523145616054535,0.0006643578133534003,21.91106360265181,13.478974193528114,183.19099170734978,0,0.00176570238545537,6,0,1,1
1779449488068910592,eval_night08,REAL_CHALLENGE_DEV_105,6,0.6787739992141724,0.7229558513423405,6.660260808417616,0.05038861634907846,14.07398463664371,0,0.6787739992141724,1,1,1,0
1779449490370609408,eval_night08,REAL_CHALLENGE_DEV_105,12,0.05575120449066162,0.0,28.61442862604948,15.79306641489024,194.5525079955179,0,0.0063430555164813995,3,0,1,1
1779449492505469440,eval_night08,REAL_CHALLENGE_DEV_105,10,0.16926930844783783,0.7277204481402684,1.9429369519429411,0.21675023155438625,18.069981555332358,0,0.16926930844783783,1,0,1,1
1779449494740471040,eval_night08,REAL_CHALLENGE_DEV_105,3,0.8739193081855774,0.13434679402324748,1.103795098371123,0.032833207231022454,10.317333739907042,1,,,1,1,0
1779449496875356416,eval_night08,REAL_CHALLENGE_DEV_105,5,0.2100507915019989,0.8683186699660906,2.3949796321600454,0.23748652793423666,10.748691984171495,0,0.2100507915019989,1,0,1,1
1779449499143611648,eval_night08,REAL_CHALLENGE_DEV_105,15,0.8723273873329163,0.8587310925920524,2.329426362166307,0.03850555722971401,10.449083418110167,1,0.8723273873329163,1,1,1,0
1779449501478488320,eval_night08,REAL_CHALLENGE_DEV_105,7,0.9277664422988892,0.9577240538358643,2.6430752342109756,0.04090984623351527,16.766726440051386,1,0.9277664422988892,1,1,1,0
1779449503746678784,eval_night08,REAL_CHALLENGE_DEV_105,7,0.40341848134994507,0.27001787463786875,6.0422637306078615,0.1267353381794124,31.637105060507054,0,,,1,1,0
1779449506181779968,eval_night08,REAL_CHALLENGE_DEV_105,13,0.42525529861450195,0.28695450157886854,1.0968721371388126,0.2587087397169961,70.48754431701386,0,,,1,1,0
1779449508483286784,eval_night08,REAL_CHALLENGE_DEV_105,7,0.5168171525001526,0.2933432896931966,2.4638010815641818,0.2847394902110564,70.12992604130996,0,,,1,1,0
1779449575470221824,eval_night09,REAL_CHALLENGE_DEV_105,8,0.01673310436308384,0.0,55.317154296883366,21.46639878628085,165.115981920531,0,,,0,1,1
1779449580573721600,eval_night09,REAL_CHALLENGE_DEV_105,8,0.01793072372674942,0.02918019967206753,8.513079754947933,7.900756389538835,144.22827450806403,0,0.002483121119439602,5,0,1,1
1779449584709824000,eval_night09,REAL_CHALLENGE_DEV_105,6,0.025006506592035294,0.04178983432508492,4.957954691984396,8.284839862583732,133.41161468135698,0,,,0,1,1
1779449589380006912,eval_night09,REAL_CHALLENGE_DEV_105,11,0.03225383535027504,0.315351903013412,21.120246507469695,2.3992831325016923,89.07621848045795,0,0.0027926205657422543,6,0,1,1
1779449591514485504,eval_night09,REAL_CHALLENGE_DEV_105,8,0.10658030211925507,0.0,27.923792388094864,9.996135185595936,116.97609105205252,0,,,0,1,1
1779449593782795264,eval_night09,REAL_CHALLENGE_DEV_105,6,0.32361331582069397,0.6083769655020881,2.9469940438321944,1.4904571694199995,51.36779904192929,0,0.32361331582069397,1,0,1,1
1779449596017728000,eval_night09,REAL_CHALLENGE_DEV_105,3,0.9038780927658081,0.0,60.77557440953218,14.213714373790578,229.40847646284516,0,,,1,1,0
1779449600421037056,eval_night09,REAL_CHALLENGE_DEV_105,7,0.7750007510185242,0.019978006155963183,62.259100844790844,13.198163348136577,241.44568764014167,0,,,1,1,0
1779449602689248000,eval_night09,REAL_CHALLENGE_DEV_105,5,0.8366512656211853,0.0,60.85690526103243,13.553257613910528,236.11600874199638,0,,,1,1,0
1779449604823769344,eval_night09,REAL_CHALLENGE_DEV_105,6,0.7614910006523132,0.0,66.62156396755329,11.197965571158994,299.11401074004135,0,,,1,1,0
1779449631842893312,eval_night09,REAL_CHALLENGE_DEV_105,11,0.3948819041252136,0.7358724850586217,2.5530751374837837,0.4389493183846498,18.091930960884163,0,0.3948819041252136,1,0,1,1
1779449634044385536,eval_night09,REAL_CHALLENGE_DEV_105,11,0.025113429874181747,0.0,74.76908838355038,3.7743227049753925,186.77434258606615,0,0.007287076208740473,4,0,1,1
1779449638581035008,eval_night09,REAL_CHALLENGE_DEV_105,11,0.2980870306491852,0.7359207031826418,86.89280045562714,0.11954324904048284,122.31017349537822,0,0.2980870306491852,1,0,1,1
1779449641015972352,eval_night09,REAL_CHALLENGE_DEV_105,4,0.7305548191070557,0.11657446302899357,106.55287696693728,1.0763923656240912,153.13585029214914,0,,,1,1,0
1779449643284402176,eval_night09,REAL_CHALLENGE_DEV_105,18,0.011921479366719723,0.5056546703120256,40.999626550335435,2.3965406117533723,70.34612083775171,0,0.011921479366719723,1,0,1,1
1779449645419136000,eval_night09,REAL_CHALLENGE_DEV_105,13,0.40327972173690796,0.7906599768901659,1.9488112681643959,0.46280799405140677,22.60105533495352,0,0.40327972173690796,1,1,1,0
1779449647620845824,eval_night09,REAL_CHALLENGE_DEV_105,6,0.8019217252731323,0.8628884919303981,1.836674683273162,0.1898605602846907,8.189841632151298,0,0.8019217252731323,1,1,1,0
1779449649655479552,eval_night09,REAL_CHALLENGE_DEV_105,3,0.799263060092926,0.8191462104281667,2.178423844502808,0.03708747823906151,13.410566509902402,1,0.799263060092926,1,1,1,0
1779449651923662336,eval_night09,REAL_CHALLENGE_DEV_105,4,0.935523509979248,0.0,57.03472834128355,9.24378214761553,224.32065882138568,0,0.3726765215396881,2,1,1,0
1779449654325364736,eval_night09,REAL_CHALLENGE_DEV_105,6,0.598155677318573,0.24044127891338307,9.240702970933123,0.44114402556262194,19.902467642244954,0,,,1,1,0
1779449656527024896,eval_night09,REAL_CHALLENGE_DEV_105,3,0.6837612986564636,0.0,60.580442363485204,9.170268910850007,258.06237622795214,0,0.5915209054946899,2,1,1,0
1779449658861846528,eval_night09,REAL_CHALLENGE_DEV_105,5,0.7019428014755249,0.0,80.38265621086745,7.291069068824174,381.6010984852827,0,0.04729562997817993,3,1,1,0
1779449661263803392,eval_night09,REAL_CHALLENGE_DEV_105,6,0.6887900829315186,0.0,78.29157564958429,7.084292127357405,389.7937764252565,0,0.02285950817167759,2,1,1,0
1779449663431979264,eval_night09,REAL_CHALLENGE_DEV_105,4,0.714271605014801,0.2624557448828379,18.424292567926393,0.5015440171613141,79.78976261140613,0,,,1,1,0
1779449665933553920,eval_night09,REAL_CHALLENGE_DEV_105,4,0.02499961294233799,0.3409974241280346,15.258981126622773,0.3391534382394898,84.72173517878836,0,,,0,1,1
