exact_label_R,exact_label_s5,exact_label_t,fid,nominal_fixed_R,nominal_fixed_s5,nominal_fixed_t,nominal_minus2pct_R,nominal_minus2pct_s5,nominal_minus2pct_t,nominal_minus5pct_R,nominal_minus5pct_s5,nominal_minus5pct_t,nominal_plus2pct_R,nominal_plus2pct_s5,nominal_plus2pct_t,nominal_plus5pct_R,nominal_plus5pct_s5,nominal_plus5pct_t,population,set
2.5495684863111046,0,0.17496820119800588,1778651518865604096,2.5495684863111046,0,0.17496820119800588,2.5495684760572384,0,0.23771809488735143,2.5495684760572384,0,0.33275493661359734,2.5495684760569524,0,0.11364949040240747,2.5495684760572384,1,0.04173287577386512,REAL_DEV_OPEN_56,eval_outside
1.3634646569901987,0,0.220635281737,1778651519235162880,4.354397221421511,0,0.6056555931552906,4.354397323510849,0,0.6684640974718961,4.354397323510849,0,0.7626847873061408,4.354397323510849,0,0.5428530747429657,4.354397221421511,0,0.44866591154775187,REAL_DEV_OPEN_56,eval_outside
1.167918370851895,0,0.10817274744525664,1778651530691638016,5.15774348207362,0,0.49294076669646675,5.15774348207362,0,0.557663110715896,5.15774348207362,0,0.6547528796417404,5.15774348207362,0,0.4282235217049834,5.157743478463066,0,0.33116375634635853,REAL_DEV_OPEN_56,eval_outside
4.3399748082804575,0,6.454554555224011,1778651569891693056,5.038486720646562,0,5.2189896246603436,5.0384867206467066,0,5.041444066074973,5.0384867206467066,0,4.775248319742634,5.038486720646562,0,5.396593037099529,5.038486720646562,0,5.66309472435137,REAL_DEV_OPEN_56,eval_outside
5.539735843603599,0,6.706012905810748,1778651579029250816,4.270550269521364,0,5.516340356134243,4.270550280792392,0,5.333012944940361,4.270550269521364,0,5.05813430324897,4.270550280792392,0,5.69972099451516,4.270550280792392,0,5.9748810423342205,REAL_DEV_OPEN_56,eval_outside
12.614162949279828,0,4.727925335220528,1778651618049498624,6.704561563557489,0,3.6094796922288266,6.704561566865489,0,3.463951632343732,6.7045615668653795,0,3.245798308374689,6.7045615668653795,0,3.755071725891679,6.7045615668653795,0,3.973564337856352,REAL_DEV_OPEN_56,eval_outside
13.938311472557785,0,5.275578955699618,1778651650570397184,5.689012989252343,0,4.5102024612087375,5.689012989252343,0,4.347546357243771,5.689012989252343,0,4.103680892003142,5.689012989252343,0,4.67291415528275,5.689012989252214,0,4.917073855357223,REAL_DEV_OPEN_56,eval_outside
8.05191644138393,0,4.930556166400939,1778651650839160832,2.0301954774861786,0,4.170196770808747,2.0301954774861786,0,4.016792736100278,2.0301954774861786,0,3.7868313993231584,2.0301954774861786,0,4.323668403201889,2.0301954774861786,0,4.553987646782307,REAL_DEV_OPEN_56,eval_outside
7.7629190419562795,0,1.2899252593261505,1778651651444080384,7.7629190419562795,0,1.2899252593261505,7.7629190419562795,0,1.1994921592131795,7.7629190419562795,0,1.0645248141901862,7.7629190419562795,0,1.3806388756641517,7.7629190419562795,0,1.5171251571573918,REAL_DEV_OPEN_56,eval_outside
2.67092549818569,0,5.016098121941994,1778653337772735232,2.9052927320295248,0,3.6119577344516465,2.9052927320295248,0,3.449572390277715,2.9052927320295248,0,3.2061065006605367,2.9052927320297757,0,3.7743938751039563,2.905292732394235,0,4.0181298534074745,REAL_DEV_OPEN_56,eval_outside
0.9607312261538828,1,0.018025275563176898,1778653345465966336,2.965575854131155,0,0.489565684587329,2.965575844607188,0,0.558521482645826,2.965575844607188,0,0.6619580577214298,2.965575844607188,0,0.4206123064064077,2.965575844607188,0,0.31719021815212234,REAL_DEV_OPEN_56,eval_outside
4.9083253482613625,1,0.0464398895253875,1778653364045039360,4.9083253482613625,1,0.0464398895253875,4.9083253482613625,0,0.054603810222591545,4.9083253482613625,0,0.11027905173724077,4.9083253482613625,0,0.07461744705769646,4.9083253482613625,0,0.1364805390468677,REAL_DEV_OPEN_56,eval_outside
8.35460732172585,0,0.08083461360420821,1778653367706938112,8.35460732172585,0,0.08083461360420821,8.354607321725934,0,0.11122006468232085,8.35460732172585,0,0.16378565772834763,8.35460732172585,0,0.061154010834351985,8.354607321725934,0,0.07246045342446017,REAL_DEV_OPEN_56,eval_outside
8.180328907489105,0,0.06803373799421705,1778653378457989888,8.180328907489105,0,0.06803373799421705,8.180328907489105,0,0.09622103851412628,8.180328907489105,0,0.14574929089904362,8.180328907489105,0,0.05183082529689635,8.180328907489105,0,0.06937377957935563,REAL_DEV_OPEN_56,eval_outside
3.408211757864635,0,0.05383627612968955,1778653455932024064,3.408211757864635,0,0.05383627612968955,3.408211757864635,0,0.09707681873172351,3.408211757864635,0,0.16824254526767685,3.408211757864635,1,0.034964840371590845,3.4082117818849227,0,0.0883296809050441,REAL_DEV_OPEN_56,eval_outside
3.2804816532702095,0,0.260814046131473,1778653498432396288,3.2804816532702095,0,0.260814046131473,3.280481653269987,0,0.37419679263038197,3.280481653269987,0,0.544991197411702,3.2804816532702095,0,0.1488436439640383,3.280481653269987,1,0.0484084919235505,REAL_DEV_OPEN_56,eval_outside
4.542395877109798,0,0.29388670444433834,1778653508779767808,4.542395877109798,0,0.29388670444433834,4.542395909021071,0,0.4049596481362396,4.542395877109798,0,0.5720378890143486,4.542395877109798,0,0.183594191908282,4.542395909021071,1,0.038905428862638966,REAL_DEV_OPEN_56,eval_outside
1.9896889902413568,0,0.05714515240442232,1778653522084302848,1.9896889902413568,0,0.05714515240442232,1.9896889902413568,0,0.1645722697083943,1.9896889902413568,0,0.3300270012148754,1.9896889902413568,0,0.06353756283892333,1.9896889903813317,0,0.22649568677441753,REAL_DEV_OPEN_56,eval_outside
4.329868066333206,0,0.1246295680802096,1778653526955536896,4.329868066333206,0,0.1246295680802096,4.329868066333206,0,0.1860966156538417,4.329868066333206,0,0.2810287602178917,4.329868066333206,0,0.06931343213137743,4.329868066333206,0,0.06639403481976523,REAL_DEV_OPEN_56,eval_outside
1.9485333322798246,1,0.02249747532482892,1778653539789436160,1.9485333322798246,1,0.02249747532482892,1.9485333322798246,0,0.06836533127534349,1.9485333322798246,0,0.14602585072462154,1.9485333322798246,1,0.04340696799429601,1.9485333322798246,0,0.11978904355167615,REAL_DEV_OPEN_56,eval_outside
1.0780081370355914,1,0.029586921191789625,1778653540259983104,1.0780081370355914,1,0.029586921191789625,1.0780081370355914,0,0.08176734152361839,1.0780081370355914,0,0.16161753709636995,1.0780081370355914,1,0.027954247760649156,1.0780081370355914,0,0.10657899824616361,REAL_DEV_OPEN_56,eval_outside
0.9786017941357047,0,0.05401752772581411,1778653545299653120,0.9786017941357047,0,0.05401752772581411,0.9786017941357047,0,0.09613458263352116,0.9786017941357047,0,0.1595104974635892,0.9786017941357047,1,0.01325463401227112,0.9786017941357047,0,0.05270832157047259,REAL_DEV_OPEN_56,eval_outside
1.5572590812960323,1,0.028480097485436957,1775201414728017664,6.284225027397905,0,0.4137608280112407,6.28422502739802,0,0.4745319477646655,6.284225027397905,0,0.5656937430994596,6.284225027397905,0,0.3529940806475893,6.284225027397905,0,0.26185881651980186,REAL_DEV_OPEN_56,eval_noapril
2.2408219931280686,1,0.029512934283987866,1775201415399297536,5.9918972276461595,0,0.39870281826708326,5.9918972276461595,0,0.4585844754674315,5.9918972276461595,0,0.548429779637055,5.9918972276461595,0,0.3388408586149682,5.9918972276461595,0,0.249115914808193,REAL_DEV_OPEN_56,eval_noapril
0.44074025230241715,1,0.024212010750166307,1775201416944730624,5.248526428038388,0,0.42535509587463793,5.248526417863089,0,0.4884956653092302,5.248526428038388,0,0.5832379736342003,5.248526428038388,0,0.36224151532101,5.248526428038388,0,0.26766353556586614,REAL_DEV_OPEN_56,eval_noapril
0.9165961517328275,1,0.034295983030160654,1775201418120676608,5.223179672922737,0,0.48394255287204435,5.2231796729225985,0,0.5510013691969727,5.2231796729225985,0,0.6516076483206322,5.2231796729225985,0,0.41689878683599046,5.2231796729225985,0,0.3163822867527494,REAL_DEV_OPEN_56,eval_noapril
0.5586895996628508,1,0.014119526858605633,1775201421043401984,4.551040285864076,0,0.5038670150409832,4.551040285864076,0,0.5755326582800248,4.551040285864076,0,0.6830372678128259,4.551040285864076,0,0.43220655086615,4.551040285864076,0,0.32473306558320036,REAL_DEV_OPEN_56,eval_noapril
0.9886969081815787,1,0.030415369054632067,1775201428535961600,5.084238845398467,0,0.5075326735568986,5.084238841267708,0,0.5768427607745631,5.084238845398467,0,0.6808153179265442,5.084238841267708,0,0.43822870380318957,5.084238845398467,0,0.33429262229734524,REAL_DEV_OPEN_56,eval_noapril
0.7138455285232225,1,0.03867483055605355,1775201429879521792,5.285239501187977,0,0.443059492890229,5.285239501187977,0,0.5069883114929706,5.285239501187977,0,0.6028975549168625,5.285239501187977,0,0.379144256822013,5.285239501187977,0,0.2833169787557554,REAL_DEV_OPEN_56,eval_noapril
1.4801581761042015,0,0.08127524198565761,1775201430551447040,7.040349228361139,0,0.4529798181194678,7.040349228361243,0,0.5141837230127372,7.040349228361243,0,0.6060077682789017,7.040349228361243,0,0.3917909172429071,7.040349228361243,0,0.30005577776702347,REAL_DEV_OPEN_56,eval_noapril
0.8548243774412432,1,0.030124947659702733,1775201430786751744,6.528571047357291,0,0.3805112920724694,6.528571047357291,0,0.4402604501286426,6.528571047357291,0,0.5298890595430562,6.528571047357291,0,0.3207664267346253,6.528571047357291,0,0.23116445845974262,REAL_DEV_OPEN_56,eval_noapril
1.257166106698909,1,0.010870340946241631,1775201436800711168,9.998259390950288,0,0.12337160124489914,9.998259390950288,0,0.16653428990476604,9.998259390950288,0,0.23301008293903003,9.998259390950288,0,0.08283893358147613,9.998259390950288,0,0.04599181186181276,REAL_DEV_OPEN_56,eval_noapril
1.5267257584827005,1,0.011542806051124885,1775201442546213120,8.492430565846217,0,0.17563533403995538,8.492430565846217,0,0.21788189735449148,8.492430565846217,0,0.28141075500296836,8.492430599212947,0,0.1335675126352458,8.492430565846217,0,0.07149415635657362,REAL_DEV_OPEN_56,eval_noapril
1.3312423705825474,1,0.02473641950758582,1775201443822140928,7.5866961828603,0,0.1918227160089777,7.586696196792987,0,0.2363151599247699,7.5866961828603,0,0.30309719598276047,7.5866961828603,0,0.14737782237294397,7.5866961828603,0,0.08097111645901099,REAL_DEV_OPEN_56,eval_noapril
0.9807753800270201,1,0.007357936794969228,1778653003088339968,0.9807753800270201,1,0.007357936794969228,0.9807753800270201,1,0.029534625881539888,0.980775380026277,0,0.0790448148047499,0.980775380026277,1,0.0380597910261883,0.9807753800270201,0,0.08768532753547577,REAL_DEV_OPEN_56,eval_cad
2.8833518148234276,1,0.03321283930251478,1778653006783606016,2.8833518148234276,1,0.03321283930251478,2.883351814823175,1,0.019537541109921088,2.8833518148234276,0,0.0606654286634865,2.8833518148234276,0,0.06450436890014395,2.883351814823175,0,0.11457765694665135,REAL_DEV_OPEN_56,eval_cad
2.2662462652397353,1,0.015404956299397653,1778653007724386048,2.2662462652397353,1,0.015404956299397653,2.266246265240057,1,0.0369209947933407,2.266246265240057,0,0.08377711489139802,2.266246265240057,1,0.0350289188702628,2.266246265240057,0,0.0817206719946084,REAL_DEV_OPEN_56,eval_cad
2.779911101713438,1,0.04340482405069123,1778653017736058368,10.932309236260647,0,0.07471297874193704,10.932309236260577,0,0.08402110946530018,10.932309236260577,0,0.1139421582372687,10.932309236260647,0,0.07798444726249243,10.932309236260577,0,0.10265419315063577,REAL_DEV_OPEN_56,eval_cad
2.518092978869656,1,0.033316835626349565,1778653018878592768,8.94118890990374,0,0.10216788533708124,8.94118890990374,0,0.11891856779561961,8.94118890990374,0,0.15168408116071894,8.94118890990374,0,0.09220094263779385,8.941188909903822,0,0.09437441718714112,REAL_DEV_OPEN_56,eval_cad
1.6816597668097797,0,0.07162013180437676,1778653020759897344,7.0617633275137734,0,0.022126729229107894,7.0617633275138765,0,0.05026298060712528,7.0617633275138765,0,0.09573978601309881,7.0617633275138765,0,0.019094275707010482,7.0617633275137734,0,0.061332430157231714,REAL_DEV_OPEN_56,eval_cad
4.230390511078544,1,0.048522637410230184,1778653029965134592,4.230390511078544,1,0.048522637410230184,4.230390511078544,1,0.019695459260891553,4.230390511078544,1,0.043722485927186215,4.230390511078544,0,0.0818955039445959,4.230390511078544,0,0.1330753993146657,REAL_DEV_OPEN_56,eval_cad
4.098775484270463,1,0.04351373616940325,1778653030032337920,4.098775484270463,1,0.04351373616940325,4.098775484270641,1,0.018303234600575927,4.098775484270463,1,0.049456395897349834,4.098775484270463,0,0.07631814408966854,4.098775484270463,0,0.1271595922306874,REAL_DEV_OPEN_56,eval_cad
3.2129208762777894,1,0.042309142408455486,1778653030099587072,3.2129208762777894,1,0.042309142408455486,3.2129208762777894,1,0.01822802252826337,3.2129208762777894,0,0.05144208399526357,3.212920876277562,0,0.07515488193380436,3.2129208762777894,0,0.12623896660207132,REAL_DEV_OPEN_56,eval_cad
3.5980909816139692,1,0.04053354087764927,1778653030166875904,3.5980909816139692,1,0.04053354087764927,3.5980909816139692,1,0.013137793004022265,3.5980909816141726,0,0.050119320332865196,3.5980909816141726,0,0.07441288746125033,3.5980909816139692,0,0.12618889336581413,REAL_DEV_OPEN_56,eval_cad
2.6365779058341263,1,0.03673953972437549,1778653030233998336,2.6365779058341263,1,0.03673953972437549,2.636577905834403,1,0.015800637282221284,2.6365779058341263,0,0.056577071608047785,2.6365779058341263,0,0.07002901976098266,2.6365779058341263,0,0.12180711681647192,REAL_DEV_OPEN_56,eval_cad
2.8286251479414295,1,0.021494157934152675,1778653030939714816,2.8286251479414295,1,0.021494157934152675,2.8286251479414295,1,0.02027676473177076,2.8286251479414295,0,0.06949018755025978,2.8286251479414295,0,0.05394125719034581,2.8286251479414295,0,0.10523861584033163,REAL_DEV_OPEN_56,eval_cad
1.881426699422601,1,0.015171824721915743,1778653031275751936,1.881426699422601,1,0.015171824721915743,1.881426699422601,1,0.03212611650780334,1.881426699422601,0,0.0819580713974798,1.881426699423376,1,0.04264714544451778,1.881426699422601,0,0.09318720190523291,REAL_DEV_OPEN_56,eval_cad
1.693862363489309,1,0.0377037115215661,1778653033056483584,1.693862363489309,1,0.0377037115215661,1.693862363489309,1,0.028294158698693273,1.6938623634888788,0,0.06279711210766914,1.693862363489309,0,0.0649277408412498,1.693862363489309,0,0.11171887743245212,REAL_DEV_OPEN_56,eval_cad
3.776143668813159,1,0.04153473371309494,1778653041187027200,11.512521064118078,0,0.07020943932921589,11.512521064118141,0,0.08472414849128695,11.512521064118141,0,0.11998985286358026,11.512521064118141,0,0.06878833093166789,11.512521064118141,0,0.0910038330357637,REAL_DEV_OPEN_56,eval_cad
0.8050711625210388,1,0.01574882240748934,1778653055734035712,0.8050711625210388,1,0.01574882240748934,0.8050711625219444,1,0.03207446287330214,0.8050711625219444,0,0.08089809478436036,0.8050711625219444,1,0.042242230149370445,0.8050711625219444,0,0.09183457321833158,REAL_DEV_OPEN_56,eval_cad
1.8013266344208199,1,0.020634143614167544,1778653055801377280,1.8013266344208199,1,0.020634143614167544,1.8013266344216292,1,0.046518895741233864,1.8013266344212244,0,0.09586821482109405,1.8013266344208199,1,0.03231893133796247,1.8013266344212244,0,0.07994985157956085,REAL_DEV_OPEN_56,eval_cad
2.2860213623750636,1,0.018907989661231236,1778653055868669952,2.2860213623750636,1,0.018907989661231236,2.2860213623750636,1,0.03543709304553643,2.2860213623747443,0,0.08455265775081455,2.2860213623750636,1,0.04340211807881311,2.2860213623750636,0,0.09337581409685042,REAL_DEV_OPEN_56,eval_cad
1.5809467085407265,1,0.017285299039428687,1778653056137140480,1.5809467085407265,1,0.017285299039428687,1.5809467085407265,1,0.04377746870499355,1.5809467085407265,0,0.09489793199837189,1.5809467085407265,1,0.03417350709152871,1.5809467085407265,0,0.08446314018175546,REAL_DEV_OPEN_56,eval_cad
5.090616221078356,0,0.1999769863586857,1778653072734532096,5.090616221078356,0,0.1999769863586857,5.0906162210785,0,0.16804320940397022,5.090616221078356,0,0.12090170352918035,5.090616221078356,0,0.2321210834116272,5.0906162210785,0,0.2805733678732905,REAL_DEV_OPEN_56,eval_cad
5.5616594225248,0,0.2224973946123321,1778653072835089920,5.5616594225248,0,0.2224973946123321,5.561659422524668,0,0.1901262243270021,5.561659422524668,0,0.1425174426881552,5.5616594225248,0,0.255150182724228,5.5616594225248,0,0.3044590413976653,REAL_DEV_OPEN_56,eval_cad
6.7991875775808195,0,0.26808935227705627,1778653072868820224,6.7991875775808195,0,0.26808935227705627,6.799187577580712,0,0.2346711527865166,6.799187577580712,0,0.1852894013319499,6.7991875775808195,0,0.3017513196319338,6.799187577580712,0,0.3525484854876063,REAL_DEV_OPEN_56,eval_cad
0.9880434767379883,1,0.047779455555491436,1778652124170068224,0.9880434767379883,1,0.047779455555491436,0.9880434767379883,0,0.09014469710839942,0.9880434767379883,0,0.15380535006163312,0.9880434767379883,1,0.006914567942148802,0.9880434767379883,0,0.05882557088745741,REAL_CHALLENGE_DEV_105,eval_pallet07
2.1925289537506156,1,0.048738626606858154,1778652125245035520,2.1925289537506156,1,0.048738626606858154,2.1925289537506156,0,0.08911430473841339,2.1925289537506156,0,0.15178706760681282,2.1925289537506156,1,0.02022538292011337,2.1925289537506156,0,0.06487357632974453,REAL_CHALLENGE_DEV_105,eval_pallet07
0.9202505629230128,1,0.023224732964332487,1778652126319943168,0.9202505629230128,1,0.023224732964332487,0.9202505629238049,0,0.06506144087466738,0.9202505629238049,0,0.12903839317366952,0.9202505629230128,1,0.022666969348631515,0.9202505629238049,0,0.0857490987693311,REAL_CHALLENGE_DEV_105,eval_pallet07
3.533458626422116,1,0.03714218200471643,1778652127361815808,3.533458626422116,1,0.03714218200471643,3.533458626422116,0,0.07446617215168148,3.533458626422116,0,0.13689671907961737,3.533458626422116,1,0.030313986284415843,3.533458626422116,0,0.08470554361187593,REAL_CHALLENGE_DEV_105,eval_pallet07
3.7169186740725078,1,0.01184032685218604,1778652128369383168,3.7169186740725078,1,0.01184032685218604,3.7169186740727045,1,0.04603119120773552,3.7169186740725078,0,0.10984212294686317,3.7169186740725078,1,0.0433973780515823,3.7169186740725078,0,0.10712817844921116,REAL_CHALLENGE_DEV_105,eval_pallet07
3.270649039520116,1,0.017434328350670686,1778652130452698368,3.270649039520116,1,0.017434328350670686,3.270649039520116,0,0.05359901702142248,3.270649039520116,0,0.11691503226040748,3.270649039520116,1,0.03792029365309915,3.270649039520116,0,0.10040846518664878,REAL_CHALLENGE_DEV_105,eval_pallet07
1.7018367526839866,1,0.012946539243983545,1778652132535256576,1.7018367526839866,1,0.012946539243983545,1.7018367526839866,1,0.03945086807678089,1.7018367526839866,0,0.10374468877565184,1.7018367526839866,0,0.05077429780606365,1.7018367526839866,0,0.11539976717210061,REAL_CHALLENGE_DEV_105,eval_pallet07
2.0097850745955297,1,0.02606508886217049,1778652134517495552,2.0097850745955297,1,0.02606508886217049,2.0097850745958925,1,0.022556403857842907,2.0097850745958925,0,0.08713925315289549,2.0097850745955297,0,0.06902783501647235,2.0097850745958925,0,0.13503101891862668,REAL_CHALLENGE_DEV_105,eval_pallet07
1.9495720200988693,1,0.021769057569447258,1778652136533958400,1.9495720200988693,1,0.021769057569447258,1.9495720200988693,1,0.03012600838018901,1.9495720200984952,0,0.09515800020490303,1.9495720200988693,0,0.063549794190623,1.9495720200988693,0,0.12993284767473026,REAL_CHALLENGE_DEV_105,eval_pallet07
97.008052850487,0,0.08890591276926355,1778652138515809024,90.43018086799658,0,0.07445136114225212,90.43018086799658,0,0.03141754000504543,90.43018086799658,0,0.04241565445700428,90.4301808679966,0,0.11906629963580734,90.43018086799658,0,0.18647625174671598,REAL_CHALLENGE_DEV_105,eval_pallet07
2.3502908594544847,0,0.13538263956227953,1778652140531310080,2.3502908594544847,0,0.13538263956227953,2.3502907996477744,0,0.09597181196477633,2.3502907996477744,0,0.051177280850858,2.3502908594544847,0,0.17670646170060325,2.3502908594544847,0,0.24011575815322103,REAL_CHALLENGE_DEV_105,eval_pallet07
1.9527850031348462,1,0.035779500111190174,1778652142480077056,4.911892240262295,0,0.12086577942209045,4.911892240262295,0,0.1520291094477728,4.911892240262295,0,0.2032739944638621,4.911892240262295,0,0.09492850611677904,4.911892240262295,0,0.07788931063050582,REAL_CHALLENGE_DEV_105,eval_pallet07
5.941062167766269,0,0.2111331168950673,1778652144496057088,5.335872867151295,0,0.14193856917574005,5.335872867151295,0,0.14263036975121682,5.335872867151295,0,0.16376668827623353,5.335872867151295,0,0.15246679507341418,5.335872867151295,0,0.1845976198395828,REAL_CHALLENGE_DEV_105,eval_pallet07
4.246255341785663,0,0.15047885919012632,1778652146612550912,5.985561615340224,0,0.07022743957762113,5.985561615340224,0,0.09094446459792514,5.985561615340224,0,0.13756842742513095,5.985561615340224,0,0.0678521665991924,5.985561615340224,0,0.09878068840733376,REAL_CHALLENGE_DEV_105,eval_pallet07
0.7511609888440313,0,0.7596275978800647,1778652148628229376,3.620060749688128,0,0.5115931443995396,3.620060749688128,0,0.4679105391871856,3.620060749688128,0,0.40459862797950874,3.620060749688128,0,0.5561323440138607,3.620060749688128,0,0.6241452781225467,REAL_CHALLENGE_DEV_105,eval_pallet07
5.91619952535427,0,0.04253105716182516,1778652150610404864,9.11671567830721,0,0.12876702786128305,9.11671567830721,0,0.1650771714702328,9.11671567830721,0,0.22007965391874312,9.11671567830721,0,0.09313563125109471,9.11671567830721,0,0.0446596824754895,REAL_CHALLENGE_DEV_105,eval_pallet07
17.146767146934486,0,0.15446831247498252,1778652152626116352,19.365341787523587,0,0.07882126565898256,19.365341787523587,0,0.10280304321301763,19.365341787523587,0,0.15211335960539857,19.365341787523587,0,0.07125014840781652,19.365341787523587,0,0.09699880956041136,REAL_CHALLENGE_DEV_105,eval_pallet07
18.223033294445347,0,0.22367896504298157,1778652154608392192,18.223033294445347,0,0.22367896504298157,18.223033294445347,0,0.1938468085641806,18.223033294445347,0,0.1596563375043947,18.223033294445347,0,0.2569171620176147,18.2230332944453,0,0.31074869827078233,REAL_CHALLENGE_DEV_105,eval_pallet07
8.441737569594034,0,0.1607876024006639,1778652156557165568,14.35253609285581,0,0.06046027983207026,14.35253609285581,0,0.03506974086520524,14.35253609285581,0,0.06766955439710157,14.35253609285581,0,0.09903400821795584,14.35253609285581,0,0.1613189038541546,REAL_CHALLENGE_DEV_105,eval_pallet07
5.342200698650208,0,0.07100609046893389,1778652158404883456,5.342200698650208,0,0.07100609046893389,5.342200698650208,0,0.054361585559764364,5.342200698650344,0,0.07510998881198554,5.342200698650208,0,0.10114644136410947,5.342200698650344,0,0.15436988682857142,REAL_CHALLENGE_DEV_105,eval_pallet07
94.40501252684066,0,0.08902131183686773,1778652166837872128,88.57330625400161,0,0.03034228392619855,88.57330625400161,0,0.028653039270252544,88.57330625400161,0,0.07948734627009238,88.5733062540016,0,0.06349724340407116,88.5733062565067,0,0.1197726876523504,REAL_CHALLENGE_DEV_105,eval_pallet07
87.00501620384696,0,0.0958433439916761,1778652168786111744,87.00501620384696,0,0.0958433439916761,87.00501620384696,0,0.08697393566225986,87.00501620384696,0,0.10460212545883553,87.00501620384696,0,0.11792265881187504,87.00501620384696,0,0.1636912477568776,REAL_CHALLENGE_DEV_105,eval_pallet07
3.7387451746803486,0,0.06691960423512638,1778652170735118080,3.7387451746803486,0,0.06691960423512638,3.7387451746803486,1,0.043979288181770396,3.7387451746803486,0,0.0611809253899282,3.7387451746803486,0,0.1001114134484909,3.7387451746803486,0,0.15480115928431162,REAL_CHALLENGE_DEV_105,eval_pallet07
2.41763618140652,1,0.03377094010679964,1778652172717607680,2.41763618140652,1,0.03377094010679964,2.41763618140652,1,0.04951389472115329,2.41763618140652,0,0.09986871867846893,2.417636181406219,0,0.052841394390570846,2.41763618140652,0,0.10404436047756309,REAL_CHALLENGE_DEV_105,eval_pallet07
5.133641539679686,0,0.03781651832961343,1778652174598774528,5.133641539679686,0,0.03781651832961343,5.133641639849524,0,0.05959101128841338,5.133641639849382,0,0.11236007697790079,5.133641639849382,0,0.04951359091205482,5.133641639849524,0,0.09937834042212589,REAL_CHALLENGE_DEV_105,eval_pallet07
3.4313017850793877,0,0.05710767179683677,1778652176547299328,3.4313017850793877,0,0.05710767179683677,3.4313017038818696,0,0.09398286827159653,3.4313017850793877,0,0.15212914244571787,3.4313017850793877,1,0.029408527948947192,3.4313017850793877,0,0.05677569413018357,REAL_CHALLENGE_DEV_105,eval_pallet07
3.2387581671234167,0,0.05589773089786593,1778652178428551168,3.2387581671234167,0,0.05589773089786593,3.2387581671234167,0,0.08842067384190491,3.2387581671234167,0,0.14518225448818575,3.2387581671234167,1,0.04180663174941647,3.2387581671234167,0,0.0768233965482477,REAL_CHALLENGE_DEV_105,eval_pallet07
10.362883076321358,0,7.336780120372376,1778653619758178816,10.362883076321358,0,7.336780120372376,10.362883040627603,0,7.0793301768759385,10.362883040627603,0,6.693201794242194,10.362883076321358,0,7.594251892097522,10.362883040627603,0,7.980495871347072,REAL_CHALLENGE_DEV_105,eval_pallet09
31.73543233609809,0,0.867720491840518,1778653630038417664,31.73543233609809,0,0.867720491840518,31.735432336098043,0,0.8233749376422714,31.735432336098068,0,0.757898376366141,31.735432336098068,0,0.9125273071967361,31.735432336098068,0,0.9804638927590412,REAL_CHALLENGE_DEV_105,eval_pallet09
9.39925221589347,0,0.10321591057374166,1778653632188551424,9.39925221589347,0,0.10321591057374166,9.39925221589347,0,0.13315512253476844,9.39925221589347,0,0.18394676739417942,9.39925221589347,0,0.08065535282431643,9.39925221589347,0,0.07598625822925328,REAL_CHALLENGE_DEV_105,eval_pallet09
4.0043252265811695,0,0.114601608859863,1778653634641026304,4.0043252265811695,0,0.114601608859863,4.0043252265811695,0,0.16401426788711326,4.0043252265811695,0,0.23896148820272925,4.0043252265811695,0,0.06678580084653306,4.0043252265811695,1,0.03165044477538738,REAL_CHALLENGE_DEV_105,eval_pallet09
6.0745162334213205,0,0.15276247662822215,1778653643678509824,6.0745162334213205,0,0.15276247662822215,6.07451627891504,0,0.24259372758610953,6.07451627891504,0,0.37775508311922273,6.0745162334213205,0,0.06424364267393899,6.0745162334213205,0,0.07673146495396829,REAL_CHALLENGE_DEV_105,eval_pallet09
49.63301952042989,0,1.0406889875384362,1778653659065885952,49.63301952042989,0,1.0406889875384362,49.63301952042989,0,1.1135246077311456,49.63301952042989,0,1.2228097454611708,49.63301952042989,0,0.967874732145265,49.63301952042989,0,0.8587052965662785,REAL_CHALLENGE_DEV_105,eval_pallet09
62.03665100341403,0,0.07186878285500976,1778653661653195264,59.31806682177012,0,0.3748953063629288,59.31806682177012,0,0.44127704364352244,59.3180668217701,0,0.5409781649671771,59.3180668217701,0,0.3086337189309547,59.3180668217701,0,0.20971583871328117,REAL_CHALLENGE_DEV_105,eval_pallet09
93.50847881489697,0,0.08645407149556326,1778653664407620608,86.27613310441771,0,0.036329655326696506,86.27613310441771,0,0.06591290296840428,86.27613310441771,0,0.13943146951979868,86.27613310441771,0,0.06266558985487941,86.27613310441771,0,0.1356366400637919,REAL_CHALLENGE_DEV_105,eval_pallet09
95.58829349817303,0,0.0707100732292439,1778653674184865536,88.88352681814054,0,0.018365896282733635,88.88352681814054,0,0.05286357425280265,88.88352681814054,0,0.11995531135087721,88.88352681814054,0,0.04580506523387352,88.88352681814054,0,0.112463963192795,REAL_CHALLENGE_DEV_105,eval_pallet09
1.8289734303882956,0,0.4285338612194401,1778653693804927232,1.8289734303882956,0,0.4285338612194401,1.8289734303882956,0,0.3313151826557896,1.8289734303882956,0,0.1873245363475131,1.8289734303882956,0,0.5260998603049356,1.8289734369578423,0,0.6727694782447557,REAL_CHALLENGE_DEV_105,eval_pallet09
3.074812242872209,0,0.13492454301410595,1778653699314620416,3.074812242872209,0,0.13492454301410595,3.074812242872209,0,0.215904227681862,3.074812242872209,0,0.3408513441389437,3.074812242872209,0,0.06455975203731892,3.074812242872209,0,0.10031427581292653,REAL_CHALLENGE_DEV_105,eval_pallet09
3.113619787423047,0,0.6452566270085313,1778653704118966272,3.113619787423047,0,0.6452566270085313,3.113619787423047,0,0.5444229220554343,3.1136197784894626,0,0.39394385394197,3.113619787423047,0,0.7463073425858112,3.113619787423047,0,0.8981300497052914,REAL_CHALLENGE_DEV_105,eval_pallet09
6.188125534573212,0,0.38559668239037925,1778653706706429696,6.188125534573212,0,0.38559668239037925,6.188125534573212,0,0.4629047762136507,6.188125454309683,0,0.5794236657567815,6.188125534573212,0,0.3088458971538556,6.188125534573212,0,0.1961993254538907,REAL_CHALLENGE_DEV_105,eval_pallet09
2.068261115602558,0,0.12328980289778352,1778653709259341568,2.068261115602558,0,0.12328980289778352,2.068261115602558,0,0.1920145678247606,2.0682611277215828,0,0.2958896373778027,2.0682611277215828,0,0.056795193035272695,2.0682611277215828,0,0.05865946020670933,REAL_CHALLENGE_DEV_105,eval_pallet09
3.0297318248096903,0,0.07350950714598076,1778653711544007680,3.0297318248096903,0,0.07350950714598076,3.0297318248096903,0,0.13495284129048904,3.0297318248096903,0,0.22977899617715247,3.0297318248096903,1,0.028179034234427292,3.0297318248096903,0,0.09619178020601811,REAL_CHALLENGE_DEV_105,eval_pallet09
1.4983813703388458,0,0.43869802382057005,1778653713962971904,1.4983813703388458,0,0.43869802382057005,1.4983813703388458,0,0.36590804054201015,1.4983813703388458,0,0.2583272125223504,1.4983813703388458,0,0.5119185776105648,1.4983813703388458,0,0.6222240662762833,REAL_CHALLENGE_DEV_105,eval_pallet09
9.663044601723426,0,0.12853307082263657,1778653721118964736,9.663044601723426,0,0.12853307082263657,9.66304480965849,0,0.1744621642451555,9.663044601723426,0,0.25049919630138745,9.663044601723426,0,0.09330005873342018,9.663044601723426,0,0.0917576854215029,REAL_CHALLENGE_DEV_105,eval_pallet09
14.185487907059688,0,0.5288415980930149,1778653723571790336,14.185487907059688,0,0.5288415980930149,14.185487907059688,0,0.5613692191481099,14.185487907059688,0,0.6111539690322226,14.185487907059688,0,0.4969653703802213,14.185487907059688,0,0.45067407484713307,REAL_CHALLENGE_DEV_105,eval_pallet09
10.840771041147862,0,0.0954031174009284,1778653730458996736,10.840771041147862,0,0.0954031174009284,10.840771041147928,0,0.11372062662469926,10.840771041147928,0,0.16262393058863472,10.840771041147928,0,0.09702670155375422,10.840771041147928,0,0.13285722613510537,REAL_CHALLENGE_DEV_105,eval_pallet09
11.20554375660314,0,0.10647689724588964,1778653738858078976,11.20554375660314,0,0.10647689724588964,11.20554375660314,0,0.11104468313326865,11.20554375660314,0,0.14551620223407502,11.20554375660314,0,0.11943905231088582,11.205543790954504,0,0.16128199038811344,REAL_CHALLENGE_DEV_105,eval_pallet09
1.509216330553313,0,1.0766656084790858,1778653793553994496,1.509216330553313,0,1.0766656084790858,1.509216330553313,0,1.0028641476540856,1.509216330553313,0,0.8928014696172428,1.509216330553313,0,1.150731628854332,1.509216330553313,0,1.2622247904554007,REAL_CHALLENGE_DEV_105,eval_pallet09
19.325853872081137,0,2.6229935828748694,1778653796073599488,19.325853872081137,0,2.6229935828748694,19.325853872081137,0,2.5157510709276956,19.325853872081137,0,2.355184593984803,19.325853872081137,0,2.7303728572861914,19.325853872081137,0,2.8916648654489054,REAL_CHALLENGE_DEV_105,eval_pallet09
21.43045549588064,0,2.704202012708005,1778653798391620864,21.43045549588064,0,2.704202012708005,21.43045549588064,0,2.582965823232154,21.43045549588064,0,2.401421543549639,21.43045549588064,0,2.825578713249571,21.43045549588064,0,3.007870007461043,REAL_CHALLENGE_DEV_105,eval_pallet09
37.1013574733755,0,29.778652670544172,1778653804674198784,37.1013574733755,0,29.778652670544172,37.10135747337545,0,29.128844190509863,37.10135747337541,0,28.15429580279743,37.10135747337548,0,30.428542243808323,37.1013574770525,0,31.40351764146236,REAL_CHALLENGE_DEV_105,eval_pallet09
28.310536749318395,0,2.123094958410027,1778653811763352320,28.310536749318395,0,2.123094958410027,28.310536749318427,0,2.0273967360587464,28.310536749318427,0,1.8843364777554905,28.310536749318427,0,2.2190137569760866,28.310536749318427,0,2.3632467670703865,REAL_CHALLENGE_DEV_105,eval_pallet09
27.082971029166764,0,1.2829883623123894,1778653814384002560,27.082971029166764,0,1.2829883623123894,27.082971029166764,0,1.2068961852598035,27.082971025700907,0,1.0938897932487985,27.082971029166764,0,1.3595660770208764,27.082971029166764,0,1.4751775047264961,REAL_CHALLENGE_DEV_105,eval_pallet09
20.694051571167687,0,1.6912807228702724,1778653821069351168,20.694051571167687,0,1.6912807228702724,20.694051571167687,0,1.606051534627527,20.694051571167687,0,1.4788005591406326,20.694051571167687,0,1.7767730195149847,20.694051571167687,0,1.905427293602946,REAL_CHALLENGE_DEV_105,eval_pallet09
11.163631260625188,0,0.364164827868532,1778653823253508096,11.163631260625188,0,0.364164827868532,11.163631260625188,0,0.3170283590602987,11.163631260625188,0,0.2487473045012049,11.163631260625188,0,0.412078501764763,11.163631260625188,0,0.48490153579585776,REAL_CHALLENGE_DEV_105,eval_pallet09
7.55541836324685,0,0.41088939785154044,1778653832794714368,7.55541836324685,0,0.41088939785154044,7.55541836324685,0,0.3654666683809295,7.55541836324685,0,0.29897754220929906,7.55541836324685,0,0.45688500754265693,7.55541836324685,0,0.5266238048123221,REAL_CHALLENGE_DEV_105,eval_pallet09
7.387359397810018,0,0.9771026924342785,1778653871330109184,7.387359397810018,0,0.9771026924342785,7.387359397810018,0,0.9028875982957785,7.387359397810018,0,0.7921800667370402,7.387359397810018,0,1.0515648574142595,7.387359397810018,0,1.1636175675952942,REAL_CHALLENGE_DEV_105,eval_pallet09
5.368664519525059,0,0.0419998034192139,1778653882316513792,5.368664519525059,0,0.0419998034192139,5.368664519525059,0,0.08539439874715868,5.368664519525059,0,0.16691990783308633,5.368664519525195,0,0.05276250859846992,5.368664519525195,0,0.12880781448166595,REAL_CHALLENGE_DEV_105,eval_pallet09
2.697688765065232,1,0.03469944638520147,1778653884903302656,4.858107073931538,0,0.25472021961025143,4.858107073931538,0,0.30573468513093,4.858107073931538,0,0.3822592584682269,4.858107073931687,0,0.20370863145548154,4.858107073931538,0,0.12720421682502944,REAL_CHALLENGE_DEV_105,eval_pallet09
7.833869317479687,0,0.21813255564849016,1778653889069260032,3.036873137305007,1,0.04767544660058675,3.036873137305007,0,0.07401804336480144,3.036873137305007,0,0.1400881014305811,3.036873137305007,0,0.0636174808443749,3.036873137305007,0,0.12667264493963015,REAL_CHALLENGE_DEV_105,eval_pallet09
5.113347874899735,0,0.06829192439194598,1778653898342159872,6.660376829807884,0,0.17618636182811392,6.660376829807884,0,0.2203922007834281,6.660376829807884,0,0.28689299188796036,6.660376829807884,0,0.13220289116789075,6.660376829807884,0,0.0676002548951611,REAL_CHALLENGE_DEV_105,eval_pallet09
10.806814422080622,0,0.7540851970707853,1778653907581160960,6.068971066071007,0,0.5870997878133576,6.068971066071007,0,0.5446858326998192,6.068971066071127,0,0.48273776285622844,6.068971066071007,0,0.6301963590915514,6.068971066071007,0,0.6958431823035393,REAL_CHALLENGE_DEV_105,eval_pallet09
11.073095847682882,0,21.030147568926317,1779449467555301888,5.852199879477293,0,17.952470224517366,5.8521998794774195,0,17.523637191807445,5.8521998794774195,0,16.880444048428416,5.8521998794774195,0,18.381330883871005,5.852199879477293,0,19.02466958590229,REAL_CHALLENGE_DEV_105,eval_night08
5.959285913519939,0,17.256651729827947,1779449470423201536,5.959285913519939,0,17.256651729827947,5.959285913519817,0,16.848142046796745,5.959286071923496,0,16.235428143747857,5.959286071923496,0,17.665186215945532,5.959285913519817,0,18.278030889721986,REAL_CHALLENGE_DEV_105,eval_night08
16.857169476895457,0,19.085708158806536,1779449475060066816,9.879687851260845,0,16.82598033165434,9.87968785126092,0,16.421811079045693,9.879687851260845,0,15.81561498980933,9.879687851260845,0,17.230177875040166,9.87968785126092,0,17.83652302804618,REAL_CHALLENGE_DEV_105,eval_night08
12.06624582014105,0,18.649008713538706,1779449479095927552,7.097143912871737,0,15.88503258705793,7.097143912871737,0,15.500502620089472,7.097143912871737,0,14.923768033596964,7.097143912871737,0,16.26959208500187,7.097143912871737,0,16.84648227859447,REAL_CHALLENGE_DEV_105,eval_night08
23.644090048293993,0,0.8574546996272382,1779449481331070208,21.002917596455337,0,0.4387106541620612,21.002917596455372,0,0.386624410229797,21.002917596455337,0,0.32150323712119705,21.002917596455337,0,0.49522957911822296,21.002917596455337,0,0.5854904654215948,REAL_CHALLENGE_DEV_105,eval_night08
5.752546128775849,0,15.608335385610687,1779449483432542720,4.078077490988834,0,13.073142918335435,4.078077489995791,0,12.764444647404762,4.078077489995791,0,12.301467460890274,4.0780774909890125,0,13.381875615396545,4.0780774909890125,0,13.845034172825255,REAL_CHALLENGE_DEV_105,eval_night08
21.91106360265181,0,13.478974193528114,1779449485800670464,13.06767764058021,0,12.147477156246646,13.067677619837365,0,11.85180778547168,13.067677619837365,0,11.408386627460215,13.06767764058021,0,12.443187053793627,13.067677619837365,0,12.886821788126099,REAL_CHALLENGE_DEV_105,eval_night08
6.660260808417616,0,0.05038861634907846,1779449488068910592,7.6798331460831175,0,0.3138499237893786,7.6798331460831175,0,0.36484612178533304,7.6798331460831175,0,0.4415353757432069,7.6798331460831175,0,0.2630282874176328,7.6798331460831175,0,0.18743387242660237,REAL_CHALLENGE_DEV_105,eval_night08
28.61442862604948,0,15.79306641489024,1779449490370609408,18.96045546333093,0,15.244292483655482,18.96045555720014,0,14.881589273393732,18.960455463330895,0,14.33761219150053,18.96045546333093,0,15.607033827630017,18.96045546333093,0,16.151211686563727,REAL_CHALLENGE_DEV_105,eval_night08
1.9429369519429411,0,0.21675023155438625,1779449492505469440,4.460775698252178,0,0.39438547788303746,4.460775698252178,0,0.4358802338300224,4.460775698252178,0,0.4981584205491748,4.460775698252014,0,0.35291786335384995,4.460775698252178,0,0.2907927303774594,REAL_CHALLENGE_DEV_105,eval_night08
1.103795098371123,1,0.032833207231022454,1779449494740471040,2.9854201256314963,0,0.17983654646900016,2.9854201256312525,0,0.22227589386699706,2.9854201256314963,0,0.28599750302088595,2.9854201256314963,0,0.13746665627175997,2.9854201256314963,0,0.07430237691080557,REAL_CHALLENGE_DEV_105,eval_night08
2.3949796321600454,0,0.23748652793423666,1779449496875356416,4.44181548431403,1,0.019216780195614167,4.44181548431403,1,0.04968496766763648,4.44181548431403,0,0.11807509218197602,4.44181548431403,0,0.052053122641650164,4.44181548431403,0,0.12059874089439675,REAL_CHALLENGE_DEV_105,eval_night08
2.329426362166307,1,0.03850555722971401,1779449499143611648,4.479786643010076,0,0.20983455505045018,4.479786643010076,0,0.2510296453486064,4.479786643010076,0,0.31285126518574125,4.479786643010076,0,0.16866813850619278,4.479786643010076,0,0.10704466071019819,REAL_CHALLENGE_DEV_105,eval_night08
2.6430752342109756,1,0.04090984623351527,1779449501478488320,4.639701949985352,0,0.11041434749931495,4.639701949985352,0,0.14535752598366442,4.639701949985352,0,0.19811536522164866,4.639701949985352,0,0.07594954575568617,4.639701949985352,1,0.029129122676725152,REAL_CHALLENGE_DEV_105,eval_night08
6.0422637306078615,0,0.1267353381794124,1779449503746678784,4.113769481957744,0,0.06531433763539504,4.113769481957744,1,0.03540956029284992,4.113769481957744,1,0.022179813497731404,4.113769481957744,0,0.09634026255628683,4.113769481957744,0,0.14339095926869813,REAL_CHALLENGE_DEV_105,eval_night08
1.0968721371388126,0,0.2587087397169961,1779449506181779968,3.6492382780254737,0,0.19055522650294301,3.6492382780254737,0,0.159106375689713,3.6492382780254737,0,0.11199641214094082,3.6492382780254737,0,0.2220211064710105,3.6492382780254737,0,0.26923879487581787,REAL_CHALLENGE_DEV_105,eval_night08
2.4638010815641818,0,0.2847394902110564,1779449508483286784,3.4655285780654532,0,0.22198481517860882,3.4655285780654532,0,0.19105221467437594,3.4655285780654532,0,0.14509190768126343,3.4655285780654532,0,0.25305136908175824,3.4655285780654532,0,0.29981123783142155,REAL_CHALLENGE_DEV_105,eval_night08
55.317154296883366,0,21.46639878628085,1779449575470221824,44.551106298400676,0,18.612628789966486,44.551106247832436,0,18.17752278290241,44.551106298400676,0,17.524885910653925,44.55110624783247,0,19.04774562754473,44.55110629840073,0,19.700439682543323,REAL_CHALLENGE_DEV_105,eval_night09
8.513079754947933,0,7.900756389538835,1779449580573721600,10.248805565465496,0,6.299388253164772,10.248805565465496,0,6.1114250649498425,10.248805565465496,0,5.82964947534036,10.248805565465496,0,6.487432527474028,10.248805565465423,0,6.769636193357316,REAL_CHALLENGE_DEV_105,eval_night09
4.957954691984396,0,8.284839862583732,1779449584709824000,4.803722011953788,0,6.773292646065853,4.803722011953788,0,6.577154807084464,4.803722011953788,0,6.283071999030065,4.803722011953788,0,6.9694900808024505,4.803722011953788,0,7.2638874110299465,REAL_CHALLENGE_DEV_105,eval_night09
21.120246507469695,0,2.3992831325016923,1779449589380006912,17.60561298453169,0,1.70638559194291,17.60561299383068,0,1.6117348963578446,17.60561298453165,0,1.470272683646151,17.60561298453165,0,1.801259951140381,17.60561298453169,0,1.9439192012230955,REAL_CHALLENGE_DEV_105,eval_night09
27.923792388094864,0,9.996135185595936,1779449591514485504,22.734697329420918,0,8.374847997848978,22.734697329420918,0,8.142677207357606,22.734697329420918,0,7.7944492802126994,22.734697329420953,0,8.607032436710808,22.734697329420918,0,8.955332363471243,REAL_CHALLENGE_DEV_105,eval_night09
2.9469940438321944,0,1.4904571694199995,1779449593782795264,3.8143856432055965,0,0.9172322913997235,3.8143856432055965,0,0.8437986783733196,3.8143856432055965,0,0.7348696695271252,3.8143856432055965,0,0.9911486037554585,3.8143856432055965,0,1.1027156450987226,REAL_CHALLENGE_DEV_105,eval_night09
60.77557440953218,0,14.213714373790578,1779449596017728000,49.57678614863156,0,12.048903520289342,49.57678614863156,0,11.763187485704869,49.576786148631555,0,11.334650647648237,49.57678615153367,0,12.334637793533709,49.576786148631555,0,12.763270719785396,REAL_CHALLENGE_DEV_105,eval_night09
62.259100844790844,0,13.198163348136577,1779449600421037056,49.86809303454438,0,11.431207498695803,49.86809303974511,0,11.158993986867234,49.86809303974511,0,10.750716564725732,49.86809303974514,0,11.703442003667426,49.86809303454442,0,12.111830021455582,REAL_CHALLENGE_DEV_105,eval_night09
60.85690526103243,0,13.553257613910528,1779449602689248000,50.1082777556047,0,11.731530809749103,50.108277755604725,0,11.4533678773516,50.10827775560471,0,11.036164195005268,50.10827775184166,0,12.009713696354819,50.108277755604725,0,12.427022512345468,REAL_CHALLENGE_DEV_105,eval_night09
66.62156396755329,0,11.197965571158994,1779449604823769344,54.33831896922269,0,9.589243782052543,54.33831896922271,0,9.362134809278155,54.33831896922268,0,9.021522727122598,54.338318969222726,0,9.816377937128342,54.33831896922271,0,10.157122690978758,REAL_CHALLENGE_DEV_105,eval_night09
2.5530751374837837,0,0.4389493183846498,1779449631842893312,2.5530751374837837,0,0.4389493183846498,2.5530751374837837,0,0.36009215676202067,2.5530751374837837,0,0.24439297498762227,2.5530751374837837,0,0.518453722445745,2.5530751374837837,0,0.6383946104206378,REAL_CHALLENGE_DEV_105,eval_night09
74.76908838355038,0,3.7743227049753925,1779449634044385536,74.76908838355038,0,3.7743227049753925,74.76908843489437,0,3.6385720205282093,74.76908838355038,0,3.4357693527207003,74.76908843489433,0,3.9104591730362945,74.7690883835504,0,4.115303456577937,REAL_CHALLENGE_DEV_105,eval_night09
86.89280045562714,0,0.11954324904048284,1779449638581035008,78.98022104101727,0,0.169441600435399,78.98022104101729,0,0.2337849205550335,78.98022098517761,0,0.33600469045710246,78.98022098517761,0,0.11433685967249803,78.9802210410173,0,0.09456731951228949,REAL_CHALLENGE_DEV_105,eval_night09
106.55287696693728,0,1.0763923656240912,1779449641015972352,98.05967994911343,0,1.1743797496960116,98.05967994911343,0,1.088339294699276,98.05967994911343,0,0.9595150132431608,98.05967994911343,0,1.2605161700514849,98.05967994911343,0,1.3898617007011485,REAL_CHALLENGE_DEV_105,eval_night09
40.999626550335435,0,2.3965406117533723,1779449643284402176,40.999626550335435,0,2.3965406117533723,40.99962655033545,0,2.277604547825991,40.99962655033545,0,2.0993250277848965,40.999626550335435,0,2.5155321222019897,40.99962655033545,0,2.6941072781470825,REAL_CHALLENGE_DEV_105,eval_night09
1.9488112681643959,0,0.46280799405140677,1779449645419136000,1.9488112681643959,0,0.46280799405140677,1.9488112681643959,0,0.3895572381561973,1.9488112681643959,0,0.282550385936387,1.9488112681643959,0,0.536860649503374,1.9488112681643959,0,0.6488420520866778,REAL_CHALLENGE_DEV_105,eval_night09
1.836674683273162,0,0.1898605602846907,1779449647620845824,1.836674683273162,0,0.1898605602846907,1.836674683273162,0,0.13248131205978095,1.8366746832735583,1,0.04807154037162983,1.8366746832735583,0,0.24740882645797427,1.8366746832735583,0,0.333856925050656,REAL_CHALLENGE_DEV_105,eval_night09
2.178423844502808,1,0.03708747823906151,1779449649655479552,2.178423844502808,1,0.03708747823906151,2.178423844502808,0,0.07038188952758537,2.1784238161251195,0,0.1296215183243451,2.1784238161247846,1,0.03540973433517907,2.178423816125454,0,0.08690416938341967,REAL_CHALLENGE_DEV_105,eval_night09
57.03472834128355,0,9.24378214761553,1779449651923662336,57.03472834128355,0,9.24378214761553,57.03472834128352,0,9.019259940695925,57.03472834128355,0,8.682545603083785,57.03472834128354,0,9.468338087051787,57.03472834128357,0,9.805230174851191,REAL_CHALLENGE_DEV_105,eval_night09
9.240702970933123,0,0.44114402556262194,1779449654325364736,9.240702970933123,0,0.44114402556262194,9.240702970933043,0,0.3946956441696283,9.2407028453151,0,0.3259260013780265,9.240702970933123,0,0.48791374684309774,9.240702970933043,0,0.5584941216432615,REAL_CHALLENGE_DEV_105,eval_night09
60.580442363485204,0,9.170268910850007,1779449656527024896,60.580442363485204,0,9.170268910850007,60.58044236348519,0,8.950814035857782,60.58044236348519,0,8.621689530189895,60.580442363485176,0,9.389752094238256,60.580442363485204,0,9.719025752195734,REAL_CHALLENGE_DEV_105,eval_night09
80.38265621086745,0,7.291069068824174,1779449658861846528,74.96115895137049,0,6.124552992569836,74.96115895137045,0,5.978930300864075,74.96115895137049,0,5.760609196349574,74.96115895137049,0,6.270231019578706,74.96115895137049,0,6.488843660761772,REAL_CHALLENGE_DEV_105,eval_night09
78.29157564958429,0,7.084292127357405,1779449661263803392,74.50814025200029,0,5.982640708471695,74.5081402520003,0,5.841230668483975,74.50814025200027,0,5.629219552889533,74.50814025200027,0,6.1241017054018245,74.5081402520003,0,6.336381279074305,REAL_CHALLENGE_DEV_105,eval_night09
18.424292567926393,0,0.5015440171613141,1779449663431979264,18.424292567926393,0,0.5015440171613141,18.424292567926393,0,0.46609926742590607,18.424292567926393,0,0.41379477668294234,18.424292567926393,0,0.537342804155773,18.424292567926393,0,0.5915640476040144,REAL_CHALLENGE_DEV_105,eval_night09
15.258981126622773,0,0.3391534382394898,1779449665933553920,19.962562182287233,0,0.3176361848994793,19.962562182287233,0,0.2863465929978441,19.962562182287233,0,0.2406279225134595,19.962562182287233,0,0.34937150338939016,19.962562182287233,0,0.3975763917046227,REAL_CHALLENGE_DEV_105,eval_night09
