best_R,best_permutation,distance_m,elevation_deg,failure_type,fid,identity_R,identity_corner,improved_by_near_far,luma,near_far_swap_R,near_far_swap_corner,obj_diag_frac,population,set,truncated
12.614162949279828,identity,3.7463118997787563,6.095884934595574,BOX_OK_KP_BAD,1778651618049498624,12.614162949279828,56.20932464187594,False,81.0,33.90609304438945,54.46939471588212,0.3453613470104365,REAL_DEV_OPEN_56,eval_outside,0
21.088178051636792,near_far_swap,2.184741158417049,9.060563791129667,BOX_OK_KP_BAD,1778652138515809024,97.008052850487,243.96068291240988,True,95.0,21.088178051636792,52.740780851620954,0.6255195697477068,REAL_CHALLENGE_DEV_105,eval_pallet07,0
17.146767146934486,identity,2.0415292602226405,9.764743506194023,BOX_OK_KP_BAD,1778652152626116352,17.146767146934486,43.88744976787548,False,98.0,175.51999289640182,110.38150544545118,0.6519872837374929,REAL_CHALLENGE_DEV_105,eval_pallet07,0
18.223033294445347,identity,1.9332238259101746,9.160571735762872,BOX_OK_KP_BAD,1778652154608392192,18.223033294445347,61.12356882232695,False,102.0,174.65836747165974,137.48917243581437,0.6931560517454425,REAL_CHALLENGE_DEV_105,eval_pallet07,1
24.948547869833885,near_far_swap,1.9196701050465748,11.832857073906808,BOX_OK_KP_BAD,1778652166837872128,94.40501252684066,289.4603303066474,True,102.0,24.948547869833885,65.74638355996359,0.7308098565877147,REAL_CHALLENGE_DEV_105,eval_pallet07,1
22.476339416612262,near_far_swap,1.9296530674475365,9.520315391571401,BOX_OK_KP_BAD,1778652168786111744,87.00501620384696,292.9515630722146,True,94.0,22.476339416612262,54.24150241757403,0.7087672735435026,REAL_CHALLENGE_DEV_105,eval_pallet07,0
31.361035232452387,top_bottom,1.68887000312363,4.036002121271665,BOX_OK_KP_BAD,1778653630038417664,31.73543233609809,195.67430903199113,False,93.0,178.26041009773613,148.9353434682904,0.8127203424478836,REAL_CHALLENGE_DEV_105,eval_pallet09,1
49.586840173124735,top_bottom,4.687876589338851,2.9291134285091687,BOX_OK_KP_BAD,1778653659065885952,49.63301952042989,76.98337855348558,False,120.0,177.23188524295446,35.93797189842267,0.2803339795175057,REAL_CHALLENGE_DEV_105,eval_pallet09,0
5.848862875665171,near_far_swap,2.655467422336241,2.891892760452677,BOX_OK_KP_BAD,1778653664407620608,93.50847881489697,181.9723252634668,True,87.0,5.848862875665171,8.148597168523896,0.493384032810103,REAL_CHALLENGE_DEV_105,eval_pallet09,0
6.120998471022168,near_far_swap,2.300067419086833,3.3732606485992847,BOX_OK_KP_BAD,1778653674184865536,95.58829349817303,224.58945493327536,True,94.0,6.120998471022168,9.325175777891637,0.5726801267269894,REAL_CHALLENGE_DEV_105,eval_pallet09,0
14.185487907059688,identity,2.3318616443350337,2.5948267390847093,BOX_OK_KP_BAD,1778653723571790336,14.185487907059688,80.75947461727472,False,115.0,178.01343932464354,20.679782966584195,0.5061090244913793,REAL_CHALLENGE_DEV_105,eval_pallet09,0
10.840771041147862,identity,2.2969266206833416,2.2791780430816004,POSE_BAD_DESPITE_KP,1778653730458996736,10.840771041147862,18.44484733871993,False,119.0,178.98370471792217,71.58930831201195,0.516215910880646,REAL_CHALLENGE_DEV_105,eval_pallet09,0
11.20554375660314,identity,2.2057663428187526,2.5523663547182167,POSE_BAD_DESPITE_KP,1778653738858078976,11.20554375660314,20.024568595457847,False,114.0,178.85039663614236,66.75807740054081,0.5414066080126616,REAL_CHALLENGE_DEV_105,eval_pallet09,0
11.163631260625188,identity,2.1805065197799975,4.267941131635411,POSE_BAD_DESPITE_KP,1778653823253508096,11.163631260625188,19.615753171650972,False,96.0,46.944510006371424,147.61872670874635,0.5308439624786176,REAL_CHALLENGE_DEV_105,eval_pallet09,0
46.1188349062445,near_far_swap,2.3568776113111816,6.418858518389428,BOX_OK_KP_BAD,1779449596017728000,60.77557440953218,229.40847646284516,True,75.0,46.1188349062445,215.90949103441136,0.5714920165671608,REAL_CHALLENGE_DEV_105,eval_night09,0
45.9376717800485,near_far_swap,2.3134339109884827,8.093369040851073,BOX_OK_KP_BAD,1779449600421037056,62.259100844790844,241.44568764014167,True,53.0,45.9376717800485,230.00695498465615,0.7662173728779582,REAL_CHALLENGE_DEV_105,eval_night09,1
42.465029961168696,near_far_swap,2.3075544548914158,5.9884448852874215,BOX_OK_KP_BAD,1779449602689248000,60.85690526103243,236.11600874199638,True,51.0,42.465029961168696,223.29833814303373,0.5797634780150507,REAL_CHALLENGE_DEV_105,eval_night09,0
46.034962333853706,near_far_swap,1.93005604563198,8.770052627263112,BOX_OK_KP_BAD,1779449604823769344,66.62156396755329,299.11401074004135,True,48.0,46.034962333853706,269.9196186846667,0.7462745002474368,REAL_CHALLENGE_DEV_105,eval_night09,1
8.229969748167441,near_far_swap,3.1746662622521944,4.165286770930294,BOX_OK_KP_BAD,1779449641015972352,106.55287696693728,153.13585029214914,True,52.0,8.229969748167441,34.212563804761785,0.5380810812507721,REAL_CHALLENGE_DEV_105,eval_night09,1
57.03472834128355,identity,2.1707444181420152,7.830707714992585,BOX_OK_KP_BAD,1779449651923662336,57.03472834128355,224.32065882138568,False,19.0,69.78915859234439,237.5786120237917,0.66365119615371,REAL_CHALLENGE_DEV_105,eval_night09,1
32.40012153580972,near_far_swap,1.9748787744629157,7.835426171193447,BOX_OK_KP_BAD,1779449656527024896,60.580442363485204,258.06237622795214,True,23.0,32.40012153580972,247.0095832604983,0.6835172755749113,REAL_CHALLENGE_DEV_105,eval_night09,0
80.38265621086745,identity,1.479101689550151,11.24249468995771,BOX_OK_KP_BAD,1779449658861846528,80.38265621086745,381.6010984852827,False,32.0,88.12660837701897,423.9941913021985,1.0020173990747623,REAL_CHALLENGE_DEV_105,eval_night09,1
78.29157564958429,identity,1.395707518544442,10.660152226538727,BOX_OK_KP_BAD,1779449661263803392,78.29157564958429,389.7937764252565,False,32.0,90.34354813379483,428.6883063843437,1.0579018784580583,REAL_CHALLENGE_DEV_105,eval_night09,1
18.424292567926393,identity,1.4424267102689627,10.29953029205862,BOX_OK_KP_BAD,1779449663431979264,18.424292567926393,79.78976261140613,False,27.0,179.30653889108046,315.29762920558994,1.226285542510552,REAL_CHALLENGE_DEV_105,eval_night09,1
