frame_id,hypothesis_A_better,hypothesis_B_better,cannot_tell,confidence_1to5,note
eval_night08__1779449470423201536,,,,,
eval_noapril__1775201428535961600,,,,,
eval_pallet07__1778652166837872128,,,,,
eval_pallet09__1778653674184865536,,,,,
eval_outside__1778651650839160832,,,,,
eval_pallet09__1778653664407620608,,,,,
eval_outside__1778651519235162880,,,,,
eval_pallet09__1778653661653195264,,,,,
eval_outside__1778651579029250816,,,,,
eval_pallet09__1778653659065885952,,,,,
eval_outside__1778651569891693056,,,,,
eval_outside__1778653364045039360,,,,,
eval_noapril__1775201443822140928,,,,,
eval_noapril__1775201418120676608,,,,,
eval_outside__1778651518865604096,,,,,
eval_pallet09__1778653898342159872,,,,,
eval_noapril__1775201415399297536,,,,,
eval_noapril__1775201421043401984,,,,,
eval_pallet09__1778653882316513792,,,,,
eval_outside__1778653337772735232,,,,,
eval_noapril__1775201416944730624,,,,,
eval_pallet09__1778653704118966272,,,,,
eval_outside__1778653522084302848,,,,,
eval_outside__1778651651444080384,,,,,
eval_outside__1778653498432396288,,,,,
eval_pallet09__1778653889069260032,,,,,
eval_pallet09__1778653798391620864,,,,,
eval_outside__1778653508779767808,,,,,
eval_outside__1778651530691638016,,,,,
eval_pallet07__1778652138515809024,,,,,
eval_outside__1778653526955536896,,,,,
eval_outside__1778653539789436160,,,,,
eval_outside__1778653545299653120,,,,,
eval_cad__1778653017736058368,,,,,
eval_cad__1778653018878592768,,,,,
eval_pallet07__1778652140531310080,,,,,
eval_pallet07__1778652154608392192,,,,,
eval_pallet07__1778652158404883456,,,,,
eval_pallet07__1778652174598774528,,,,,
eval_pallet07__1778652176547299328,,,,,
eval_pallet09__1778653634641026304,,,,,
eval_pallet09__1778653643678509824,,,,,
eval_night08__1779449470423201536_rep2,,,,,
eval_noapril__1775201415399297536_rep2,,,,,
eval_noapril__1775201443822140928_rep2,,,,,
eval_outside__1778651519235162880_rep2,,,,,
eval_outside__1778651530691638016_rep2,,,,,
eval_outside__1778651579029250816_rep2,,,,,
eval_outside__1778651650839160832_rep2,,,,,
eval_outside__1778651651444080384_rep2,,,,,
eval_outside__1778653337772735232_rep2,,,,,
eval_outside__1778653498432396288_rep2,,,,,
eval_outside__1778653508779767808_rep2,,,,,
eval_outside__1778653522084302848_rep2,,,,,
eval_outside__1778653545299653120_rep2,,,,,
eval_pallet07__1778652138515809024_rep2,,,,,
eval_pallet07__1778652140531310080_rep2,,,,,
eval_pallet07__1778652158404883456_rep2,,,,,
eval_pallet07__1778652166837872128_rep2,,,,,
eval_pallet09__1778653659065885952_rep2,,,,,
eval_pallet09__1778653674184865536_rep2,,,,,
eval_pallet09__1778653704118966272_rep2,,,,,
eval_night09__1779449604823769344,,,,,
eval_night09__1779449661263803392,,,,,
eval_night09__1779449602689248000,,,,,
eval_night08__1779449485800670464,,,,,
eval_night09__1779449638581035008,,,,,
eval_pallet09__1778653832794714368,,,,,
eval_pallet09__1778653806958839552,,,,,
eval_pallet09__1778653823253508096,,,,,
eval_night09__1779449593782795264,,,,,
eval_night08__1779449488068910592,,,,,
eval_pallet07__1778652142480077056,,,,,
eval_pallet07__1778652144496057088,,,,,
eval_pallet07__1778652150610404864,,,,,
eval_cad__1778653031275751936,,,,,
eval_cad__1778653029965134592,,,,,
eval_cad__1778653007724386048,,,,,
