session_key,session_name,root,frame_count,resolution,first_frame,last_frame,stem_is_timestamp,timestamp_min,timestamp_max,intrinsics_hash,has_provenance,n_metadata_files,filename_list_sha256
data/pallet/raw_data/_night_all,_night_all,data/pallet/raw_data,1624,640x480,1779449171575465984.png,1779449347291347968.png,True,1779449171575465984,1779449347291347968,a088ca9add4cc279,False,5,b3feb858a3d3b2e802b533bda66c00db34a041a9cf26a3b14fd2a58a737c5a19
data/pallet/raw_data/_outside_all,_outside_all,data/pallet/raw_data,2976,640x480,1778651516783228672.png,1778653561392762624.png,True,1778651516783228672,1778653561392762624,9077880ab225b04e,False,5,f6f0da15bfc5e1f09e81a991b8b60a926dc313f86764f277d29adef29ad34aa6
data/pallet/raw_data/_procedural_textures,_procedural_textures,data/pallet/raw_data,21,512x512,beige_tile_00.png,wood_plank_02.png,False,,,,False,4,af8ae6b35897ea5a886243fce2600a30f36ff76e1d32c6476c0493b358ff65ac
data/pallet/raw_data/capture02,capture02,data/pallet/raw_data,1452,640x480,1775092510058104576.png,1775092725594131968.png,True,1775092510058104576,1775092725594131968,dd5f372350e5b872,False,5,69d6f905f7f7acae92323ad121b4f4af205f94727535e7c7c57c1d6a097fea2d
data/pallet/raw_data/capture03,capture03,data/pallet/raw_data,571,640x480,1775092846948587776.png,1775092933325747456.png,True,1775092846948587776,1775092933325747456,11127ad26bbb6823,False,5,a388c5428efe63b1d712b05d2439665d2a4916e4dbabbe217c9d17dd0812b44d
data/pallet/raw_data/capture0403middle/gt_final_isaac_overlay,gt_final_isaac_overlay,data/pallet/raw_data,440,640x480,1775201155966553600_overlay.jpg,1775201215096870400_overlay.jpg,False,,,eb1ed8729a25b3d1,False,4,eeab5f1a066be78f972ac2302cba3af54c4c297ee7fb1b4f4777624e506cd35d
data/pallet/raw_data/capture0403middle/gt_final_overlay,gt_final_overlay,data/pallet/raw_data,440,640x480,1775201155966553600.jpg,1775201215096870400.jpg,True,1775201155966553600,1775201215096870400,eb1ed8729a25b3d1,False,4,a98ac7461c853233657d48112627722aee9310d42799b5a6e4cd36f48eb82973
data/pallet/raw_data/capture0403middle/gt_manual_overlay,gt_manual_overlay,data/pallet/raw_data,130,640x480,1775201155966553600.jpg,1775201215096870400.jpg,True,1775201155966553600,1775201215096870400,eb1ed8729a25b3d1,False,4,78fbfd0cdab12e9e34c6c008691c2179d4d30a0aaeca06cde9bede94a5ea65d4
data/pallet/raw_data/capture0403middle/gt_overlay,gt_overlay,data/pallet/raw_data,437,640x480,1775201155966553600.jpg,1775201215096870400.jpg,True,1775201155966553600,1775201215096870400,eb1ed8729a25b3d1,False,4,b165472ef06e90b3192158e9cd7e3e116f029a879569b8bf6d038e120c4428fe
data/pallet/raw_data/capture0403middle,capture0403middle,data/pallet/raw_data,440,640x480,1775201155966553600.png,1775201215096870400.png,True,1775201155966553600,1775201215096870400,eb1ed8729a25b3d1,False,7,d5a8a779a55f3cb5137d95a79cd6f28364fff46e690f28fa4303c1024f9eed3f
data/pallet/raw_data/capture0403noapril,capture0403noapril,data/pallet/raw_data,188,640x480,1775201411535812864.png,1775201448357750528.png,True,1775201411535812864,1775201448357750528,857ef58a0197210f,False,5,1154c17ef11ae05cce736bae9dd2521b647b08cdd0ac5ede694c8143aa01d7ed
data/pallet/raw_data/internet_pallet_data,internet_pallet_data,data/pallet/raw_data,10,416x320,1000×1000×120 11.jpg,중하중용 파렛트 1200×1000×150 17kg 프라스틱파레트.jpg,False,,,,False,4,afa2e36c7bc8ee833db2bbd0e3677671396724182877c02b6f923f7c8472dc09
data/pallet/raw_data/models_usd/textures,textures,data/pallet/raw_data,6,2048x2048,blinn1_baseColor.png,lambert16_normal.png,False,,,,False,3,63834161026f2e6df4ad959fa1e4f0b438eacebe181677d8548e063c7f411aba
data/pallet/raw_data/negative_real_20260823,negative_real_20260823,data/pallet/raw_data,2689,640x480,000000.png,002688.png,False,,,f60ee43fbdd98423,False,7,9bd815a44d2ae24448594ae9b13ad7fb41476cf6dee69ae3ffd596509ce9619c
data/pallet/raw_data/night/capturenight01,capturenight01,data/pallet/raw_data,1254,640x480,1779448556736988160.png,1779448672050705152.png,True,1779448556736988160,1779448672050705152,06525e699606e464,False,2,9759cfc7c98e32740b894eae25da2a9c0ba72a9d91979ca340565da46f561bcf
data/pallet/raw_data/night/capturenight02,capturenight02,data/pallet/raw_data,782,640x480,1779448696016933120.png,1779448772871162368.png,True,1779448696016933120,1779448772871162368,c6893e96021e0267,False,2,7adc8f5c1d6ac582c1c45f1426397aa1f42e5e2b5d43f4554a82566770e4b6fb
data/pallet/raw_data/night/capturenight03,capturenight03,data/pallet/raw_data,1219,640x480,1779448848688752640.png,1779448958465557248.png,True,1779448848688752640,1779448958465557248,ba0e0dd77379af05,False,2,e3a7a6dcc104e1c790ea8d39296e2b3a1aa3db081e115f9760f002f8f9f745b5
data/pallet/raw_data/night/capturenight04,capturenight04,data/pallet/raw_data,1075,640x480,1779448989838551296.png,1779449077666664192.png,True,1779448989838551296,1779449077666664192,8446dd10697b18e1,False,2,926caeb417acf1e3540399e8195e7d91a90be97024d24187339914b44a48136c
data/pallet/raw_data/night/capturenight05,capturenight05,data/pallet/raw_data,540,640x480,1779449171575465984.png,1779449213270919680.png,True,1779449171575465984,1779449213270919680,11cb96e6be84afa7,False,2,36661e36171a2a87e4aebba3af226441683d3be57096f4ee2eee0e8345b98dfb
data/pallet/raw_data/night/capturenight06,capturenight06,data/pallet/raw_data,493,640x480,1779449231735721216.png,1779449269395506944.png,True,1779449231735721216,1779449269395506944,82c3da905e339e5a,False,2,7af03f5c6e8b8443895596ba386c2620c61bfbb2f9c90cd13e86db50901f933c
data/pallet/raw_data/night/capturenight07,capturenight07,data/pallet/raw_data,591,640x480,1779449302793770240.png,1779449347291347968.png,True,1779449302793770240,1779449347291347968,c46caefa3353f121,False,2,c010a60fc46954db8a0ca434645a53412738a31f24b91bc626c17dc5a869de4f
data/pallet/raw_data/night/capturenight08,capturenight08,data/pallet/raw_data,647,640x480,1779449467555301888.png,1779449517290342144.png,True,1779449467555301888,1779449517290342144,7655bf67a1331a29,False,2,53c2f157697e92b1b6809afea477b5f88303c45d7e61b7c009f1314e8c16ed3b
data/pallet/raw_data/night/capturenight09,capturenight09,data/pallet/raw_data,1059,640x480,1779449575470221824.png,1779449666567314432.png,True,1779449575470221824,1779449666567314432,ab03dca480a4b970,False,2,218fa594ec2a235040d0ead4253dd654106c93087b93de4e5275fa62f4a354a2
data/pallet/raw_data/night/capturenight10,capturenight10,data/pallet/raw_data,1474,640x480,1779449732997505280.png,1779449855149982464.png,True,1779449732997505280,1779449855149982464,7c74da3c2b728856,False,2,0c86c8154be06b96c777e39093545498deac76189bb32200a7d1b7f0b2ea06ff
data/pallet/raw_data/outside/_kp_check,_kp_check,data/pallet/raw_data,2,640x480,night_numbered.png,outside_numbered.png,False,,,,False,1,a1e98bc9af3f9d328559c19211d85a64a5db258e9e5f887235ef708d4b9c8cac
data/pallet/raw_data/outside/capturepallet01,capturepallet01,data/pallet/raw_data,42,640x480,1778651488900632064.png,1778651491721746944.png,True,1778651488900632064,1778651491721746944,c231492a30abf861,False,2,82dd7c48419e1315173f15542e3f04d2d6ab36c34f549060443336be4e69d1c0
data/pallet/raw_data/outside/capturepallet02,capturepallet02,data/pallet/raw_data,298,640x480,1778651516783228672.png,1778651536066902528.png,True,1778651516783228672,1778651536066902528,c1e8a45222648e30,False,2,8cf55a04e74230536d91b3fb961e2435f46ebff58c583b424b8ae341feb058f8
data/pallet/raw_data/outside/capturepallet03,capturepallet03,data/pallet/raw_data,308,640x480,1778651569891693056.png,1778651589780060672.png,True,1778651569891693056,1778651589780060672,8c0704f1e523b265,False,2,b2757dfcc34e12490496d09042c7c15a54944c2f8c0ff1c23511560cc8f47a33
data/pallet/raw_data/outside/capturepallet04,capturepallet04,data/pallet/raw_data,192,640x480,1778651607668742912.png,1778651620737275648.png,True,1778651607668742912,1778651620737275648,f1ecb978cad6e54d,False,2,4849caa8903ed70d57903d6f88bf99965b0bf44a7182afb8e9bda1338e78ef4d
data/pallet/raw_data/outside/capturepallet05,capturepallet05,data/pallet/raw_data,248,640x480,1778651641769099008.png,1778651662060545536.png,True,1778651641769099008,1778651662060545536,3ed1a7c5c6cb8993,False,2,891c5c23b7c94ac27dbaee937eaec6b275aac47552a51bb37be5ffbb8730a8a8
data/pallet/raw_data/outside/capturepallet07,capturepallet07,data/pallet/raw_data,739,640x480,1778652124170068224.png,1778652179571067136.png,True,1778652124170068224,1778652179571067136,04aa1c3c4dcb8072,False,2,d41c1022fa136c60e3dc3b8582cfbf0510c2c3b5461ac14618c3c8a88301d2f0
data/pallet/raw_data/outside/capturepallet08,capturepallet08,data/pallet/raw_data,1930,640x480,1778653337772735232.png,1778653561392762624.png,True,1778653337772735232,1778653561392762624,83ba9becf6e36520,False,2,4f36a1bf0773a493a5e0540c9eb33185d44a42a0bafecec31197c0c189d7afc7
data/pallet/raw_data/outside/capturepallet09,capturepallet09,data/pallet/raw_data,2773,640x480,1778653619758178816.png,1778653918130509312.png,True,1778653619758178816,1778653918130509312,e3c8531a4896d2af,False,2,ea7c26642f28431c4a71fa1c200cad5ab1b1d3cb1a6cee23c8bbf675138dc1d4
data/pallet/raw_data/outside/capturepallet10,capturepallet10,data/pallet/raw_data,613,640x480,1778654224965159680.png,1778654271832459776.png,True,1778654224965159680,1778654271832459776,9757e3b86e8cf7bf,False,2,9d5aebca83e87ca5fbb6f38abebe40351050d70393619409f91a827bc631943d
data/pallet/raw_data/outside/capturepallet11,capturepallet11,data/pallet/raw_data,1572,640x480,1778654476127902464.png,1778654597210304000.png,True,1778654476127902464,1778654597210304000,3154e484abbe6d6d,False,2,f75d7a1a46a59c4e1672a2af75ea38ee1a023583b7a69090eb870aeb31a52514
data/pallet/raw_data/outside/capturepalletcad,capturepalletcad,data/pallet/raw_data,1179,640x480,1778653000938157568.png,1778653100216606464.png,True,1778653000938157568,1778653100216606464,6a85039c2b77c4d9,False,2,0cee592c48200ab43a1490fd75edec90f20873131f1ab81549c6a4f5cd15ac48
data/pallet/raw_data/outside/forklift_raw_20260528,forklift_raw_20260528,data/pallet/raw_data,911,640x480,000000.png,000910.png,False,,,529c964b0c60c1fe,False,2,1d3a8bf415b45136ca583c6d97ef3918179907121a248959172030463def3f1f
data/pallet/raw_data/outside/forklift_raw_20260528_163408/gt_manual,gt_manual,data/pallet/raw_data,32,640x480,000000.png,000900.png,False,,,1639eb60fb094f5c,False,34,8c1f9fbe14e3649b3c3bf5a5faaad4247937c820503e602b1a921caa8587a491
data/pallet/raw_data/outside/forklift_raw_20260528_163408,forklift_raw_20260528_163408,data/pallet/raw_data,911,640x480,000000.png,000910.png,False,,,7df62e1a8d4f8d08,False,2,1d3a8bf415b45136ca583c6d97ef3918179907121a248959172030463def3f1f
data/pallet/raw_data/pallet_extract_conf60,pallet_extract_conf60,data/pallet/raw_data,1,1280x720,_new_debug.jpg,_new_debug.jpg,False,,,,False,4,cc071ec0fbc1ad001d3f3c4f77fa51b687d7b72805a561ea97bb81674ca3cc42
data/pallet/raw_data/pallet_extract_conf60/frames/1000005288,1000005288,data/pallet/raw_data,18,1280x720,frame_000000.jpg,frame_001695.jpg,False,,,,False,1,6b054528c28db9151f99fd6317eb5a94674709a1a34f7754ddc77712dd571c9d
data/pallet/raw_data/pallet_extract_conf60/frames/IMG_3558,IMG_3558,data/pallet/raw_data,60,1280x720,frame_000000.jpg,frame_002895.jpg,False,,,,False,1,4e71f4261d83cd9f90e38018f6b3512885432ac87840dda00c1c721f4a6f08e2
data/pallet/raw_data/pallet_extract_conf60/frames/IMG_4155,IMG_4155,data/pallet/raw_data,92,1280x720,frame_000015.jpg,frame_001530.jpg,False,,,,False,1,583fb694501264bda53811670e1ff101007ac8f1c12e8819f6a3958b42534072
data/pallet/raw_data/pallet_extract_conf60/frames/IMG_4262,IMG_4262,data/pallet/raw_data,1,1280x720,frame_000240.jpg,frame_000240.jpg,False,,,,False,1,c9b28a21b8e78fe29538d3775f0705ca754d68650892b323ae1ba9f1dfdc4abe
data/pallet/raw_data/pallet_extract_conf60/frames/IMG_8298,IMG_8298,data/pallet/raw_data,28,1280x720,frame_000045.jpg,frame_001230.jpg,False,,,,False,1,6cec6163093c2cc568c6d212ddff7de73e58b3f0e259cc5fe011155eabef9f46
data/pallet/raw_data/pallet_extract_conf60/frames/_talkv_wyC0Tu5s0z_czOec7eG0VaTV2hrsKKcWk_talkv_high,_talkv_wyC0Tu5s0z_czOec7eG0VaTV2hrsKKcWk_talkv_high,data/pallet/raw_data,9,1280x720,frame_000828.jpg,frame_001152.jpg,False,,,,False,1,4751670e3e676e3694fa895e2dfd4d0ee0149cd9056328039589dfbe3427073f
data/pallet/raw_data/pallet_extract_conf60/frames/_talkv_wyD2Ewn7r1_K7Da3WPhA1bTpc2BB4tlGK_talkv_high,_talkv_wyD2Ewn7r1_K7Da3WPhA1bTpc2BB4tlGK_talkv_high,data/pallet/raw_data,4,1280x720,frame_001824.jpg,frame_001884.jpg,False,,,,False,1,885a5f1bc6330b3f6454ece6e8c62b236ead7389425514131007f225342d46c7
data/pallet/raw_data/real_data,real_data,data/pallet/raw_data,1924,640x480,color_20250908_150622_476.jpg,color_20250908_165519_599.jpg,False,,,,False,6,5be32aea7b719be959f14f79c8fba82b5aa49f39a468ba3aa4b0e32203afa0b5
data/pallet/raw_data/real_pool_all,real_pool_all,data/pallet/raw_data,2324,640x480,noapril_1775201411535812864.png,real_data_color_20250908_165519_599.jpg,False,,,,False,4,ba241e406ecacd3f9d4c975c346744c8fe8d65e57f2b44a58b7fc80342dbed5a
data/pallet/raw_data/vdoframes,vdoframes,data/pallet/raw_data,2362,1280x720,000000.png,002361.png,False,,,,False,4,811069aa6b600cb2dc6410c4c7904e86252a4539e755a8c89cb48244955b31b3
data/pallet/raw_data/wood/_annotate_pallet_20260618_183705,_annotate_pallet_20260618_183705,data/pallet/raw_data,136,1280x720,000000.png,001703.png,False,,,f80ef439e1e25328,False,2,da87fb4424f12ce32606812f889d141d196c9b1ff0024df2c07680cfc14c9de2
data/pallet/raw_data/wood/_annotate_pallet_20260618_184309,_annotate_pallet_20260618_184309,data/pallet/raw_data,99,1280x720,000012.png,001237.png,False,,,4f234a23191e759c,False,2,3bbaa3aec1520606d657a9ee9dcebf1ce87590715d4ad07a93f7115221f364ab
data/pallet/raw_data/wood/selected/20260618_132917,20260618_132917,data/pallet/raw_data,225,592x1280,000000.jpg,000964.jpg,False,,,,False,1,2b4985e04befc2aa0ea035c22785268401e6fab1c761bd6eddf0f756dc7d5e9f
data/pallet/raw_data/wood/selected/pallet_20260618_183705,pallet_20260618_183705,data/pallet/raw_data,136,1280x720,000000.jpg,001703.jpg,False,,,,False,1,2f8c24bb14b4f6b5fd001ee4c1c8b75869721c789a63af5ea2a2c97199bde390
data/pallet/raw_data/wood/selected/pallet_20260618_184309,pallet_20260618_184309,data/pallet/raw_data,99,1280x720,000012.jpg,001237.jpg,False,,,,False,1,e644df85e749aa09e287a65185bbf502ed05224de5a1f8c335bccbe6e50d542b
data/evaluation/pallet_eval_v1/dev_existing/annotations/eval_cad,eval_cad,data/evaluation/pallet_eval_v1,1,640x480,1778653030939714816.png,1778653030939714816.png,True,1778653030939714816,1778653030939714816,1639eb60fb094f5c,False,18,433b7f8b2939e470eca966c578d3a7be05a6df042d38b1e105d15cef7df38dae
data/evaluation/pallet_eval_v1/dev_existing/annotations/eval_night08,eval_night08,data/evaluation/pallet_eval_v1,1,640x480,1779449467555301888.png,1779449467555301888.png,True,1779449467555301888,1779449467555301888,41c04b01a5bcdae3,False,12,819cc053711bea8ddc6b3b5b992f3e389197917ca6e958fdae2e92d612403536
data/evaluation/pallet_eval_v1/dev_existing/annotations/eval_night09,eval_night09,data/evaluation/pallet_eval_v1,2,640x480,1779449575470221824.png,1779449604823769344.png,True,1779449575470221824,1779449604823769344,41c04b01a5bcdae3,False,16,401d78a159266389f906b9cccd58308961e38ba3d28726509e456018fa1f81ea
data/evaluation/pallet_eval_v1/dev_existing/annotations/eval_outside,eval_outside,data/evaluation/pallet_eval_v1,1,640x480,1778653345465966336.png,1778653345465966336.png,True,1778653345465966336,1778653345465966336,1639eb60fb094f5c,False,22,c1c76963ec2e637ce6ac9181e2bc8c0bed1059d333b8f538df28e78d1c476d4f
data/evaluation/pallet_eval_v1/dev_existing/annotations/eval_pallet09,eval_pallet09,data/evaluation/pallet_eval_v1,1,640x480,1778653882316513792.png,1778653882316513792.png,True,1778653882316513792,1778653882316513792,1639eb60fb094f5c,False,33,cc567b90da12683c2f098042ba6fe6e4f2c47710d1947661309bb1e2edb27e9c
data/evaluation/pallet_eval_v1/dev_existing/annotations/wood_183705,wood_183705,data/evaluation/pallet_eval_v1,1,1280x720,001070.png,001070.png,False,,,76d9166b9849b5d3,False,25,7b425f27f9f99ca3953e6190dd363eb712f05976e54920c8169111bcfb4299ac
data/evaluation/pallet_eval_v1/dev_existing/sessions/dev_negative,dev_negative,data/evaluation/pallet_eval_v1,2689,640x480,000000.png,002688.png,False,,,dababca1109d03f7,False,3,9bd815a44d2ae24448594ae9b13ad7fb41476cf6dee69ae3ffd596509ce9619c
data/evaluation/pallet_eval_v1/dev_existing/sessions/eval_cad,eval_cad,data/evaluation/pallet_eval_v1,18,640x480,1778653003088339968.png,1778653056137140480.png,True,1778653003088339968,1778653056137140480,,False,2,d36dbad4f0f37e96e9def53500b91849c43a8a4231d7d036b6c65cd48b8dcc12
data/evaluation/pallet_eval_v1/dev_existing/sessions/eval_night08,eval_night08,data/evaluation/pallet_eval_v1,12,640x480,1779449467555301888.png,1779449501478488320.png,True,1779449467555301888,1779449501478488320,,False,2,3b5ac859a566b34a57e94d37f7fff7310d9cb4b2ed785e87d7d3194daf312c5c
data/evaluation/pallet_eval_v1/dev_existing/sessions/eval_night09,eval_night09,data/evaluation/pallet_eval_v1,16,640x480,1779449575470221824.png,1779449661263803392.png,True,1779449575470221824,1779449661263803392,,False,2,6ec1614454212b473fcec49a6f80c78bdd0a1acc3fcc1872176e5a6d365572c0
data/evaluation/pallet_eval_v1/dev_existing/sessions/eval_noapril,eval_noapril,data/evaluation/pallet_eval_v1,12,640x480,1775201414728017664.png,1775201443822140928.png,True,1775201414728017664,1775201443822140928,,False,2,30da942ea447a9b4e68273e7229461b6de93ca0cda7e3c0de56f4f12ee7463c8
data/evaluation/pallet_eval_v1/dev_existing/sessions/eval_outside,eval_outside,data/evaluation/pallet_eval_v1,22,640x480,1778651518865604096.png,1778653545299653120.png,True,1778651518865604096,1778653545299653120,,False,2,342631f300b709743d878dae3b82c51886a8c4ed32fdf8c2eefdeb8f2b976dfe
data/evaluation/pallet_eval_v1/dev_existing/sessions/eval_pallet07,eval_pallet07,data/evaluation/pallet_eval_v1,27,640x480,1778652124170068224.png,1778652178428551168.png,True,1778652124170068224,1778652178428551168,,False,2,ad319d0802574bcefcc3e2990e5828e6072bb27749ceb6c2b6e95ee27e49b8d0
data/evaluation/pallet_eval_v1/dev_existing/sessions/eval_pallet09,eval_pallet09,data/evaluation/pallet_eval_v1,33,640x480,1778653630038417664.png,1778653898342159872.png,True,1778653630038417664,1778653898342159872,,False,2,507233dfa37af193dde2a0870ce63b96572275db0089a1784f8720de7cb5c21d
data/evaluation/pallet_eval_v1/dev_existing/sessions/wood_183705,wood_183705,data/evaluation/pallet_eval_v1,25,1280x720,000000.jpg,001523.jpg,False,,,,False,2,829571ab9d58e3dea6831ffb8349139b0a4086feb7606ebcec4807122fc35bb1
data/evaluation/pallet_eval_v1/dev_existing/sessions/wood_184309,wood_184309,data/evaluation/pallet_eval_v1,20,1280x720,000012.jpg,001201.jpg,False,,,,False,2,c3070991955552433e9d5f58365ad6bc2917b8779aa079fd943da941edc97997
data/evaluation/pallet_eval_v1/final/positive/annotations/plastic_night_01,plastic_night_01,data/evaluation/pallet_eval_v1,1,640x480,035421.png,035421.png,False,,,1cf37d32d6039fd5,False,22,9cd482ca9c39d18bae228508f3b1ee335b31cba77ae7f8176192f4590aade8c0
data/evaluation/pallet_eval_v1/final/positive/sessions/plastic_day_01,plastic_day_01,data/evaluation/pallet_eval_v1,44,640x480,005516.png,021348.png,False,,,0110471d4ac59354,True,3,ea3f4d764d5e4951c8afc90ea2ad3a4142351692de4d1713b7df18b6a0e85f0e
data/evaluation/pallet_eval_v1/final/positive/sessions/plastic_night_01,plastic_night_01,data/evaluation/pallet_eval_v1,105,640x480,033877.png,042391.png,False,,,082b13863a7186d1,True,4,1ea7d789fd22014f928951ca58070d5cf6f90e4bf5746d360f80235176a18525
data/evaluation/pallet_eval_v1/final/positive/sessions/wood_day_01,wood_day_01,data/evaluation/pallet_eval_v1,24,640x480,002010.png,028002.png,False,,,71bf3763f7ca690f,True,3,4ee056ee8a3a3d0c554f90f47bf83399c8eb7e0f51b7c7bacad7c85eae4652a7
data/evaluation/pallet_eval_v1/final/positive/sessions/wood_night_01,wood_night_01,data/evaluation/pallet_eval_v1,56,640x480,029028.png,033821.png,False,,,e97299254719406c,True,4,101f96711413a0b7fdd45526148e4d4e43a7027e2dadd41b0303eeef805c6513
data/evaluation/pallet_eval_v1/incoming/annotations/real_unlabeled_day_20260830__plastic,real_unlabeled_day_20260830__plastic,data/evaluation/pallet_eval_v1,44,640x480,005516.png,021348.png,False,,,1cf37d32d6039fd5,False,40,ea3f4d764d5e4951c8afc90ea2ad3a4142351692de4d1713b7df18b6a0e85f0e
data/evaluation/pallet_eval_v1/incoming/annotations/real_unlabeled_day_20260830__wood,real_unlabeled_day_20260830__wood,data/evaluation/pallet_eval_v1,24,640x480,002010.png,028002.png,False,,,1cf37d32d6039fd5,False,26,4ee056ee8a3a3d0c554f90f47bf83399c8eb7e0f51b7c7bacad7c85eae4652a7
data/evaluation/pallet_eval_v1/incoming/annotations/real_unlabeled_night_20260830__plastic,real_unlabeled_night_20260830__plastic,data/evaluation/pallet_eval_v1,21,640x480,034035.png,040923.png,False,,,1cf37d32d6039fd5,False,23,0ba9125a588e4de9308bccf407d20bbb84d67b347328bbae672ea0fd074cbca1
data/evaluation/pallet_eval_v1/incoming/annotations/real_unlabeled_night_20260830__wood,real_unlabeled_night_20260830__wood,data/evaluation/pallet_eval_v1,56,640x480,029028.png,033821.png,False,,,1cf37d32d6039fd5,False,40,101f96711413a0b7fdd45526148e4d4e43a7027e2dadd41b0303eeef805c6513
data/evaluation/pallet_eval_v1/incoming/sessions/real_unlabeled_day_20260830,real_unlabeled_day_20260830,data/evaluation/pallet_eval_v1,29028,640x480,000000.png,029027.png,False,,,a94301110fa2dbdf,True,4,06eb81781ebc73e98c1aca593673746fdd7ae8ab2208420c721204e77c67c118
data/evaluation/pallet_eval_v1/incoming/sessions/real_unlabeled_night_20260830,real_unlabeled_night_20260830,data/evaluation/pallet_eval_v1,13583,640x480,029028.png,042610.png,False,,,55b6ba3820ed098d,True,4,5f9fc78214a05dcfefa90d4952aeae298816e2d2cd9359c6247b5c5373f4566d
data/evaluation/pallet_eval_v1/legacy_unverified/sessions/capture0403noapril_manual_gt,capture0403noapril_manual_gt,data/evaluation/pallet_eval_v1,6,640x480,1775201411535812864.png,1775201447585014272.png,True,1775201411535812864,1775201447585014272,,False,1,d746db95388adcb7bb000eed837789402aeda58c1fe445c97da9fcb4f8063645
data/evaluation/pallet_eval_v1/legacy_unverified/sessions/capturenight01_manual_gt,capturenight01_manual_gt,data/evaluation/pallet_eval_v1,6,640x480,1779448594529620736.png,1779448648033896448.png,True,1779448594529620736,1779448648033896448,,False,1,903bdccbb25af90f3ba9562ab77ea4b5546aa17c0f7d3ba4cbb4a4008067b26c
data/evaluation/pallet_eval_v1/legacy_unverified/sessions/capturenight02_manual_gt,capturenight02_manual_gt,data/evaluation/pallet_eval_v1,14,640x480,1779448698918811392.png,1779448757593242112.png,True,1779448698918811392,1779448757593242112,,False,1,1bb7c0127611696cf38fda50b50ccbfe2cd354edbb6606eb8632ae6f58b48f2c
data/evaluation/pallet_eval_v1/legacy_unverified/sessions/capturenight03_manual_gt,capturenight03_manual_gt,data/evaluation/pallet_eval_v1,20,640x480,1779448855092836864.png,1779448939051663616.png,True,1779448855092836864,1779448939051663616,,False,1,c7a7b3de65c25ced21ab085cb1c1925600c88dbbeda899ed35b9db837bf2799f
data/evaluation/pallet_eval_v1/legacy_unverified/sessions/capturenight04_manual_gt,capturenight04_manual_gt,data/evaluation/pallet_eval_v1,5,640x480,1779449040507058176.png,1779449060087834368.png,True,1779449040507058176,1779449060087834368,,False,1,984122ee9347ea9a49e16e6e4a561a7d7723ef6849c8fbf05ea9fadc3411f58a
data/evaluation/pallet_eval_v1/legacy_unverified/sessions/capturepalletcad_manual_gt,capturepalletcad_manual_gt,data/evaluation/pallet_eval_v1,15,640x480,1778653004700882176.png,1778653075052340224.png,True,1778653004700882176,1778653075052340224,,False,1,66939e5b6057cbe43e3e386e4c1866afa318a1fd84e14158491b191e43dfe0b8
data/evaluation/pallet_eval_v1/legacy_unverified/sessions/forklift_20260528_manual_gt,forklift_20260528_manual_gt,data/evaluation/pallet_eval_v1,25,640x480,000000.png,000900.png,False,,,,False,1,7c84a8643e1a1004f885aa1e8405f8a6746c17e834b04058201258e815ba1acb
data/evaluation/pallet_eval_v1/legacy_unverified/sessions/night_eval_manual_gt,night_eval_manual_gt,data/evaluation/pallet_eval_v1,43,640x480,1779449171575465984.png,1779449345790144768.png,True,1779449171575465984,1779449345790144768,,False,1,821368b14a704eb8a049f652ac024157cb279218961db14705fdebb7712fa506
data/evaluation/pallet_eval_v1/legacy_unverified/sessions/outside_eval_manual_gt,outside_eval_manual_gt,data/evaluation/pallet_eval_v1,32,640x480,1778651516783228672.png,1778653560115684096.png,True,1778651516783228672,1778653560115684096,,False,1,a17e9b317938ef1c1f7f7cfbac72f3f178d3e1cc785fe6cc300935f0db9406c2
data/evaluation/pallet_eval_v1/legacy_unverified/sessions/pallet11_gt,pallet11_gt,data/evaluation/pallet_eval_v1,243,640x480,1778654556961287168.png,1778654584208464384.png,True,1778654556961287168,1778654584208464384,,False,1,61d0b3f1be530db1c9655972e1f7f78453e4a18594cd0650feff66443e31c685
challenge/data/01_real/_live_captures/forklift_v4_20260901/sessions/forklift_v4_173507,forklift_v4_173507,challenge/data/01_real,3729,640x480,000000.png,003728.png,False,,,cea2892275bef1a6,False,16,de462a532899d491634531fcb57c6ab694205b046adf86e05776de61d3f763ca
challenge/data/01_real/_live_captures/forklift_v4_20260901/sessions/forklift_v4_174126,forklift_v4_174126,challenge/data/01_real,757,640x480,000000.png,000756.png,False,,,19f62d63617955b0,False,16,e0d41dfa771d29a6301f5ed474d0675f5724587470662e1770bf6e3a2f22abdd
challenge/data/01_real/_live_captures/forklift_v4_20260901/sessions/forklift_v4_174342,forklift_v4_174342,challenge/data/01_real,2501,640x480,000000.png,002500.png,False,,,8103f532391c9aa8,False,16,a6ec2ffce4b8cf89352a51c714bf89be7039e29aed3117ff81977dac217eb74c
challenge/data/01_real/_live_captures/forklift_v4_20260901/sessions/forklift_v4_174925,forklift_v4_174925,challenge/data/01_real,1923,640x480,000000.png,001922.png,False,,,bb437b2497abe200,False,16,e8e05a5f38b93adc027b9593ecd16c49837051aa15d6579b554ae9166f242055
challenge/data/01_real/_live_captures/handheld_20260902/sessions/capture_20260902,capture_20260902,challenge/data/01_real,5945,640x480,008633.png,014577.png,False,,,700491e86ba0d997,False,1,0354fc9741277ca12a42291b97d6956c97c38950dd350d01b337a80f777204ec
challenge/data/01_real/_live_captures/handheld_20260902/sessions/capture_20260902_kimjihoon,capture_20260902_kimjihoon,challenge/data/01_real,290,640x480,002689.png,008629.png,False,,,faf312c114a1df26,False,1,58277ceb2a4cfadd7773bd94979f530f597fa530bb819572d538db50b2e1da27
challenge/data/01_real/eval_canonical/_outside_eval_manual_gt,_outside_eval_manual_gt,challenge/data/01_real,25,640x480,1778651518865604096.png,1778653545299653120.png,True,1778651518865604096,1778653545299653120,1639eb60fb094f5c,False,40,def4aa0cb696d931cf37c6f3bd70a10f010404a99388c0ffb5f0d505194dbd36
challenge/data/01_real/eval_canonical/capture0403noapril_manual_gt,capture0403noapril_manual_gt,challenge/data/01_real,18,640x480,1775201411535812864.png,1775201447585014272.png,True,1775201411535812864,1775201447585014272,1639eb60fb094f5c,False,19,4f3cd711f97aacbc86d46a35de91efbffab015f83b49e1b5176a3a2b6ea6ce5d
challenge/data/01_real/eval_canonical/capturepalletcad_manual_gt,capturepalletcad_manual_gt,challenge/data/01_real,37,640x480,1778653003088339968.png,1778653075052340224.png,True,1778653003088339968,1778653075052340224,1639eb60fb094f5c,False,34,d924160c83d3c1d5facfe4a48e2bc6ea4459d4a6cf01671ab09c61985b195cae
challenge/data/01_real/live_capture_gt/capture_20260902_kimjihoon_manual_gt,capture_20260902_kimjihoon_manual_gt,challenge/data/01_real,290,640x480,002689.png,008629.png,False,,,88d5ddabd5097d63,False,40,58277ceb2a4cfadd7773bd94979f530f597fa530bb819572d538db50b2e1da27
challenge/data/01_real/live_capture_gt/capture_20260902_manual_gt,capture_20260902_manual_gt,challenge/data/01_real,54,640x480,008663.png,014213.png,False,,,27438421d1ced703,False,40,0d4bc7e210160331bba1261d04117d85b9237a4091881a72fe971f6ebe3a5116
challenge/data/01_real/live_capture_gt/forklift_v4_173507_manual_gt,forklift_v4_173507_manual_gt,challenge/data/01_real,19,640x480,000000.png,003690.png,False,,,27438421d1ced703,False,19,ca8d1d2890a513b795404da159d8f958e24677a2d4378404caff7aeda58d97ac
challenge/data/01_real/live_capture_gt/forklift_v4_174126_manual_gt,forklift_v4_174126_manual_gt,challenge/data/01_real,2,640x480,000210.png,000690.png,False,,,27438421d1ced703,False,2,cec88e995e1e1f3c62f1c956841ff14398b06c24090f386473ce68105ef6c33a
challenge/data/01_real/live_capture_gt/forklift_v4_174342_manual_gt,forklift_v4_174342_manual_gt,challenge/data/01_real,13,640x480,000000.png,001980.png,False,,,27438421d1ced703,False,13,2bb913d9a5aca6419815054104f15d9ce37d0fa22ede4286e111234db9a0ab53
challenge/data/01_real/live_capture_gt/forklift_v4_174925_manual_gt,forklift_v4_174925_manual_gt,challenge/data/01_real,24,640x480,000120.png,001470.png,False,,,27438421d1ced703,False,24,8802d8b8f11d1c3e5bd280fa2d76011919203277be3c6a6be63261fa440031b9
challenge/data/01_real/manual_gt/_night_eval_manual_gt,_night_eval_manual_gt,challenge/data/01_real,10,640x480,1779449208067558144.png,1779449345790144768.png,True,1779449208067558144,1779449345790144768,41c04b01a5bcdae3,False,40,39bac1d98bdb5b50a5afbfd4918509e422fa9c73282a9c652a879bb429577b53
challenge/data/01_real/manual_gt/capturenight01_manual_gt,capturenight01_manual_gt,challenge/data/01_real,6,640x480,1779448594529620736.png,1779448648033896448.png,True,1779448594529620736,1779448648033896448,41c04b01a5bcdae3,False,6,903bdccbb25af90f3ba9562ab77ea4b5546aa17c0f7d3ba4cbb4a4008067b26c
challenge/data/01_real/manual_gt/capturenight02_manual_gt,capturenight02_manual_gt,challenge/data/01_real,14,640x480,1779448698918811392.png,1779448757593242112.png,True,1779448698918811392,1779448757593242112,41c04b01a5bcdae3,False,14,1bb7c0127611696cf38fda50b50ccbfe2cd354edbb6606eb8632ae6f58b48f2c
challenge/data/01_real/manual_gt/capturenight03_manual_gt,capturenight03_manual_gt,challenge/data/01_real,20,640x480,1779448855092836864.png,1779448939051663616.png,True,1779448855092836864,1779448939051663616,41c04b01a5bcdae3,False,20,c7a7b3de65c25ced21ab085cb1c1925600c88dbbeda899ed35b9db837bf2799f
challenge/data/01_real/manual_gt/capturenight04_manual_gt,capturenight04_manual_gt,challenge/data/01_real,5,640x480,1779449040507058176.png,1779449060087834368.png,True,1779449040507058176,1779449060087834368,41c04b01a5bcdae3,False,6,984122ee9347ea9a49e16e6e4a561a7d7723ef6849c8fbf05ea9fadc3411f58a
challenge/data/01_real/manual_gt/capturenight05_manual_gt,capturenight05_manual_gt,challenge/data/01_real,12,640x480,1779449171575465984.png,1779449210935970816.png,True,1779449171575465984,1779449210935970816,41c04b01a5bcdae3,False,13,904663e9293f549f4bf8fbe3112fc54781f5ebedc4dd2ec40fdcc2d9c07a4a1b
challenge/data/01_real/manual_gt/capturenight06_manual_gt,capturenight06_manual_gt,challenge/data/01_real,15,640x480,1779449231735721216.png,1779449268560877056.png,True,1779449231735721216,1779449268560877056,41c04b01a5bcdae3,False,16,befefc2396462b1306c369a04d72a64d5bca567f20be50fb51b9ace097e9cfb2
challenge/data/01_real/manual_gt/capturenight07_manual_gt,capturenight07_manual_gt,challenge/data/01_real,16,640x480,1779449302793770240.png,1779449345790144768.png,True,1779449302793770240,1779449345790144768,41c04b01a5bcdae3,False,17,249c7b9024c34d62c4f358fc956e18f90060402bd6aaf251fe74ac5cfc3a9e75
challenge/data/01_real/manual_gt/capturenight08_manual_gt,capturenight08_manual_gt,challenge/data/01_real,17,640x480,1779449467555301888.png,1779449508483286784.png,True,1779449467555301888,1779449508483286784,41c04b01a5bcdae3,False,13,2a28dff3aac0846dfa9aba496dbb186320e36cbca52762610cfe998fc9481641
challenge/data/01_real/manual_gt/capturenight09_manual_gt,capturenight09_manual_gt,challenge/data/01_real,25,640x480,1779449575470221824.png,1779449665933553920.png,True,1779449575470221824,1779449665933553920,41c04b01a5bcdae3,False,17,8951a78c99201a6703f8b4128939bb9bcb11c408ddc119e7cff001437bdaef05
challenge/data/01_real/manual_gt/capturepallet02_manual_gt,capturepallet02_manual_gt,challenge/data/01_real,5,640x480,1778651516783228672.png,1778651534387246080.png,True,1778651516783228672,1778651534387246080,1639eb60fb094f5c,False,6,3f4f921b8bd2d7cac5a9d7a99662a8b1fe35ec77ac8a51e380ff75eebefc3ac3
challenge/data/01_real/manual_gt/capturepallet03_manual_gt,capturepallet03_manual_gt,challenge/data/01_real,8,640x480,1778651569891693056.png,1778651587361112320.png,True,1778651569891693056,1778651587361112320,1639eb60fb094f5c,False,9,14d7545048a041d59ff32977f10b3e1e5c129c68ac2423b682bb23adccbc2d79
challenge/data/01_real/manual_gt/capturepallet04_manual_gt,capturepallet04_manual_gt,challenge/data/01_real,6,640x480,1778651607668742912.png,1778651618049498624.png,True,1778651607668742912,1778651618049498624,1639eb60fb094f5c,False,7,051fd9547c255cac5b8a6d497d82e7d36c6dd6bafeeab35d813b75422bf4a29b
challenge/data/01_real/manual_gt/capturepallet05_manual_gt,capturepallet05_manual_gt,challenge/data/01_real,5,640x480,1778651641769099008.png,1778651661590473216.png,True,1778651641769099008,1778651661590473216,1639eb60fb094f5c,False,6,c1e77fcc11782cc12d7d15409c4e82a4637347525c9701ddfbdb4bcc07779af4
challenge/data/01_real/manual_gt/capturepallet07_manual_gt,capturepallet07_manual_gt,challenge/data/01_real,27,640x480,1778652124170068224.png,1778652178428551168.png,True,1778652124170068224,1778652178428551168,1639eb60fb094f5c,False,28,ad319d0802574bcefcc3e2990e5828e6072bb27749ceb6c2b6e95ee27e49b8d0
challenge/data/01_real/manual_gt/capturepallet08_manual_gt,capturepallet08_manual_gt,challenge/data/01_real,20,640x480,1778653337772735232.png,1778653560115684096.png,True,1778653337772735232,1778653560115684096,1639eb60fb094f5c,False,19,ae45e7499e1f29bf142c7c217dc0f021089233d4c43462056fef8ee55ae02084
challenge/data/01_real/manual_gt/capturepallet09_manual_gt,capturepallet09_manual_gt,challenge/data/01_real,36,640x480,1778653619758178816.png,1778653907581160960.png,True,1778653619758178816,1778653907581160960,1639eb60fb094f5c,False,34,cfee0c887b7993fdc8bf05fd756604864d46f096cb6eb9d5ebea21437c48a09d
challenge/data/01_real/manual_gt/forklift_20260528_manual_gt,forklift_20260528_manual_gt,challenge/data/01_real,25,640x480,000000.png,000900.png,False,,,1639eb60fb094f5c,False,25,7c84a8643e1a1004f885aa1e8405f8a6746c17e834b04058201258e815ba1acb
challenge/data/01_real/manual_gt/pallet11_gt,pallet11_gt,challenge/data/01_real,243,640x480,1778654556961287168.png,1778654584208464384.png,True,1778654556961287168,1778654584208464384,1639eb60fb094f5c,False,40,61d0b3f1be530db1c9655972e1f7f78453e4a18594cd0650feff66443e31c685
challenge/data/01_real/manual_gt/wood_pallet_20260618_183705_manual_gt,wood_pallet_20260618_183705_manual_gt,challenge/data/01_real,25,1280x720,000000.png,001523.png,False,,,76d9166b9849b5d3,False,26,5453947d7f506281f02e09ca2f7836893d243b1f760d926e4f092b96ffb9a3e5
challenge/data/01_real/manual_gt/wood_pallet_20260618_184309_manual_gt,wood_pallet_20260618_184309_manual_gt,challenge/data/01_real,20,1280x720,000012.png,001201.png,False,,,76d9166b9849b5d3,False,21,926a2fbfcb95f2c7411de4755289a7b5f0e54c915591e1a82f8508d96a62a14c
challenge/data/01_real/pseudo_gt/capturepallet02_pseudo_gt,capturepallet02_pseudo_gt,challenge/data/01_real,24,640x480,1778651516783228672.png,1778651533547132928.png,True,1778651516783228672,1778651533547132928,1639eb60fb094f5c,False,25,e9ea7cf3d53e041513481460c76f946b9918d84e86fb721c4e6de3ed8a18be4a
challenge/data/01_real/pseudo_gt/capturepallet08_pseudo_gt,capturepallet08_pseudo_gt,challenge/data/01_real,3,640x480,1778653345465966336.png,1778653426602302464.png,True,1778653345465966336,1778653426602302464,1639eb60fb094f5c,False,4,e371f42d38d284aef40e3d79a4144239d5bc3e04bef97567b8264efd3e3ff003
challenge/data/01_real/pseudo_gt/capturepallet09_pseudo_gt,capturepallet09_pseudo_gt,challenge/data/01_real,11,640x480,1778653663534522368.png,1778653828662209536.png,True,1778653663534522368,1778653828662209536,1639eb60fb094f5c,False,12,8b4d58752e93cd646c590514531d391edadc3300aff285431d529eeb809e28a3
