epoch,time,train/box_loss,train/pose_loss,train/kobj_loss,train/cls_loss,train/dfl_loss,metrics/precision(B),metrics/recall(B),metrics/mAP50(B),metrics/mAP50-95(B),metrics/precision(P),metrics/recall(P),metrics/mAP50(P),metrics/mAP50-95(P),val/box_loss,val/pose_loss,val/kobj_loss,val/cls_loss,val/dfl_loss,lr/pg0,lr/pg1,lr/pg2
1,178.77,1.00086,5.044,0.43429,0.93976,1.14722,0.94416,0.90641,0.9637,0.74942,0.80867,0.74324,0.70494,0.47809,0.80026,2.65288,0.1671,0.55441,0.98907,0.00333053,0.00333053,0.0700253
2,344.165,0.84445,2.67112,0.32093,0.6099,1.01684,0.96347,0.9372,0.97593,0.74892,0.85827,0.7993,0.75632,0.57137,0.79996,2.13485,0.11228,0.51539,0.97499,0.00664579,0.00664579,0.0400072
3,505.249,0.90877,2.63617,0.30068,0.67678,1.04373,0.91307,0.86987,0.93163,0.67804,0.82019,0.75475,0.73412,0.52105,0.95035,2.36528,0.09767,0.71077,1.05627,0.00988906,0.00988906,0.00991711
4,666.254,0.92572,2.59108,0.24664,0.69846,1.05496,0.92197,0.91491,0.95904,0.75214,0.81717,0.79429,0.75019,0.59649,0.79221,2.06729,0.06572,0.58451,0.98551,0.00975773,0.00975773,0.00975773
5,826.987,0.83056,2.27288,0.18696,0.6112,1.00934,0.96488,0.94144,0.97943,0.79658,0.86283,0.83746,0.78653,0.65267,0.70954,1.80359,0.04576,0.48016,0.94568,0.00957205,0.00957205,0.00957205
6,987.298,0.77395,2.06204,0.16044,0.56117,0.98204,0.94761,0.94995,0.98023,0.8166,0.86333,0.85385,0.80919,0.70702,0.65581,1.60375,0.04286,0.46071,0.91606,0.00933683,0.00933683,0.00933683
7,1147.51,0.73484,1.9021,0.14715,0.52912,0.9633,0.95929,0.96647,0.98799,0.8431,0.90123,0.8814,0.85184,0.75262,0.60484,1.35381,0.03109,0.40804,0.90134,0.00905463,0.00905463,0.00905463
8,1308.37,0.70641,1.81483,0.13706,0.50352,0.95035,0.96364,0.96822,0.98816,0.85294,0.90669,0.8959,0.86712,0.78123,0.56667,1.19999,0.02892,0.38549,0.89145,0.00872857,0.00872857,0.00872857
9,1469.41,0.68127,1.71768,0.13165,0.48135,0.94146,0.97388,0.97055,0.9918,0.86266,0.91422,0.90153,0.87302,0.7874,0.54463,1.14561,0.02642,0.35854,0.881,0.0083622,0.0083622,0.0083622
10,1629.65,0.65821,1.61273,0.12524,0.46571,0.93313,0.97372,0.97698,0.99256,0.87901,0.93317,0.9155,0.8996,0.82836,0.50999,1.02117,0.0249,0.3346,0.8699,0.00795954,0.00795954,0.00795954
11,1790.26,0.63786,1.55486,0.11946,0.44677,0.9256,0.97888,0.98498,0.99295,0.88909,0.93371,0.93056,0.90923,0.83725,0.48057,0.92956,0.02265,0.31967,0.85791,0.007525,0.007525,0.007525
12,1950.72,0.62196,1.49918,0.11292,0.43357,0.91683,0.98341,0.98348,0.99343,0.89104,0.93369,0.93143,0.90758,0.8471,0.47232,0.88117,0.02087,0.31057,0.85618,0.00706335,0.00706335,0.00706335
13,2111.27,0.60535,1.46279,0.1101,0.42293,0.91091,0.98545,0.98276,0.9935,0.8976,0.94146,0.93367,0.91169,0.85799,0.45686,0.84194,0.01993,0.29763,0.85269,0.00657963,0.00657963,0.00657963
14,2272.1,0.58618,1.33676,0.10487,0.40774,0.90452,0.98854,0.98749,0.99398,0.90426,0.94423,0.9406,0.91787,0.86194,0.44224,0.80165,0.01821,0.28745,0.84706,0.00607916,0.00607916,0.00607916
15,2432.82,0.56804,1.29744,0.10163,0.39497,0.89891,0.99039,0.98799,0.994,0.90847,0.94412,0.93794,0.90862,0.86244,0.42869,0.82091,0.01707,0.27669,0.8431,0.00556742,0.00556742,0.00556742
16,2593.16,0.55531,1.27229,0.09837,0.38563,0.89326,0.99033,0.98999,0.99429,0.91242,0.94804,0.94444,0.92392,0.8737,0.42067,0.75612,0.01636,0.27037,0.83955,0.00505,0.00505,0.00505
17,2753.32,0.53879,1.18362,0.09544,0.37264,0.88692,0.991,0.99159,0.99438,0.91577,0.94799,0.94294,0.92157,0.87258,0.4141,0.77866,0.01513,0.26224,0.83741,0.00453258,0.00453258,0.00453258
18,2913.83,0.52218,1.13193,0.093,0.36247,0.88233,0.98834,0.98999,0.99433,0.91969,0.94749,0.94823,0.92764,0.88421,0.40115,0.72862,0.01419,0.25505,0.83341,0.00402084,0.00402084,0.00402084
19,3074.31,0.50255,1.06668,0.08907,0.34752,0.87608,0.99091,0.99149,0.99442,0.92223,0.94925,0.94945,0.92543,0.88613,0.39122,0.70935,0.0136,0.24977,0.83032,0.00352037,0.00352037,0.00352037
20,3235.29,0.48973,1.03825,0.0857,0.33863,0.87077,0.99248,0.9912,0.99458,0.92312,0.95189,0.94795,0.92715,0.88887,0.38222,0.71247,0.01287,0.24393,0.8272,0.00303665,0.00303665,0.00303665
21,3396.79,0.42358,0.71428,0.0226,0.28147,0.83115,0.992,0.99322,0.99464,0.92533,0.95288,0.94745,0.92835,0.88791,0.37706,0.69059,0.01079,0.23976,0.82554,0.002575,0.002575,0.002575
22,3555.54,0.40468,0.66867,0.02138,0.27013,0.82458,0.99577,0.99149,0.99472,0.92825,0.95572,0.95069,0.9289,0.89282,0.37388,0.67658,0.00986,0.235,0.82446,0.00214046,0.00214046,0.00214046
23,3714.23,0.38958,0.63413,0.01962,0.25919,0.8204,0.99497,0.9907,0.99466,0.92851,0.95727,0.95318,0.93798,0.89473,0.37085,0.64885,0.0092,0.23279,0.82276,0.0017378,0.0017378,0.0017378
24,3872.64,0.37738,0.58968,0.01899,0.25284,0.81714,0.99637,0.99049,0.99467,0.92907,0.96066,0.95342,0.94043,0.89808,0.36602,0.63399,0.00872,0.23094,0.82116,0.00137143,0.00137143,0.00137143
25,4031.37,0.36347,0.54392,0.01834,0.24296,0.81327,0.99491,0.99099,0.9946,0.93125,0.95917,0.95145,0.93811,0.8974,0.36416,0.626,0.0084,0.2282,0.82056,0.00104537,0.00104537,0.00104537
26,4189.55,0.35129,0.50365,0.01706,0.23498,0.8096,0.99439,0.99099,0.99461,0.92994,0.96151,0.95445,0.94181,0.89979,0.36136,0.60825,0.00815,0.22728,0.81933,0.000763174,0.000763174,0.000763174
27,4347.88,0.34244,0.48206,0.01666,0.22875,0.80658,0.99509,0.99049,0.99463,0.93171,0.96142,0.95495,0.94271,0.90565,0.35991,0.59007,0.0079,0.2259,0.8186,0.00052795,0.00052795,0.00052795
28,4505.83,0.33533,0.46415,0.01635,0.22422,0.80692,0.99506,0.98999,0.99463,0.9336,0.96151,0.95546,0.94244,0.90564,0.35779,0.58765,0.00773,0.22528,0.81772,0.00034227,0.00034227,0.00034227
29,4665.13,0.32916,0.44169,0.01571,0.21979,0.80337,0.99497,0.99039,0.99465,0.93404,0.96156,0.95546,0.94316,0.90692,0.35654,0.58683,0.00758,0.22524,0.81724,0.000208169,0.000208169,0.000208169
30,4823.99,0.32623,0.44476,0.0155,0.21725,0.80464,0.99497,0.99083,0.99466,0.93392,0.96353,0.95646,0.94441,0.90643,0.35559,0.58615,0.00747,0.22497,0.81681,0.000127117,0.000127117,0.000127117
