frame_id,session_id,object_type,source_label,reason,unknown_keypoint_indices,unknown_keypoint_count
wood_183705:000000,wood_183705,wood_small_80x59x14,challenge/data/01_real/manual_gt/wood_pallet_20260618_183705_manual_gt/000000.json,LEGACY_VISIBILITY_AND_PROVENANCE_UNKNOWN,"[0, 1, 2, 3, 4, 5, 6, 7, 8]",9
wood_183705:000088,wood_183705,wood_small_80x59x14,challenge/data/01_real/manual_gt/wood_pallet_20260618_183705_manual_gt/000088.json,LEGACY_VISIBILITY_AND_PROVENANCE_UNKNOWN,"[0, 1, 2, 3, 4, 5, 6, 7, 8]",9
wood_183705:000149,wood_183705,wood_small_80x59x14,challenge/data/01_real/manual_gt/wood_pallet_20260618_183705_manual_gt/000149.json,LEGACY_VISIBILITY_AND_PROVENANCE_UNKNOWN,"[0, 1, 2, 3, 4, 5, 6, 7, 8]",9
wood_183705:000213,wood_183705,wood_small_80x59x14,challenge/data/01_real/manual_gt/wood_pallet_20260618_183705_manual_gt/000213.json,LEGACY_VISIBILITY_AND_PROVENANCE_UNKNOWN,"[0, 1, 2, 3, 4, 5, 6, 7, 8]",9
wood_183705:000275,wood_183705,wood_small_80x59x14,challenge/data/01_real/manual_gt/wood_pallet_20260618_183705_manual_gt/000275.json,LEGACY_VISIBILITY_AND_PROVENANCE_UNKNOWN,"[0, 1, 2, 3, 4, 5, 6, 7, 8]",9
wood_183705:000335,wood_183705,wood_small_80x59x14,challenge/data/01_real/manual_gt/wood_pallet_20260618_183705_manual_gt/000335.json,LEGACY_VISIBILITY_AND_PROVENANCE_UNKNOWN,"[0, 1, 2, 3, 4, 5, 6, 7, 8]",9
wood_183705:000400,wood_183705,wood_small_80x59x14,challenge/data/01_real/manual_gt/wood_pallet_20260618_183705_manual_gt/000400.json,LEGACY_VISIBILITY_AND_PROVENANCE_UNKNOWN,"[0, 1, 2, 3, 4, 5, 6, 7, 8]",9
wood_183705:000460,wood_183705,wood_small_80x59x14,challenge/data/01_real/manual_gt/wood_pallet_20260618_183705_manual_gt/000460.json,LEGACY_VISIBILITY_AND_PROVENANCE_UNKNOWN,"[0, 1, 2, 3, 4, 5, 6, 7, 8]",9
wood_183705:000521,wood_183705,wood_small_80x59x14,challenge/data/01_real/manual_gt/wood_pallet_20260618_183705_manual_gt/000521.json,LEGACY_VISIBILITY_AND_PROVENANCE_UNKNOWN,"[0, 1, 2, 3, 4, 5, 6, 7, 8]",9
wood_183705:000586,wood_183705,wood_small_80x59x14,challenge/data/01_real/manual_gt/wood_pallet_20260618_183705_manual_gt/000586.json,LEGACY_VISIBILITY_AND_PROVENANCE_UNKNOWN,"[0, 1, 2, 3, 4, 5, 6, 7, 8]",9
wood_183705:000646,wood_183705,wood_small_80x59x14,challenge/data/01_real/manual_gt/wood_pallet_20260618_183705_manual_gt/000646.json,LEGACY_VISIBILITY_AND_PROVENANCE_UNKNOWN,"[0, 1, 2, 3, 4, 5, 6, 7, 8]",9
wood_183705:000706,wood_183705,wood_small_80x59x14,challenge/data/01_real/manual_gt/wood_pallet_20260618_183705_manual_gt/000706.json,LEGACY_VISIBILITY_AND_PROVENANCE_UNKNOWN,"[0, 1, 2, 3, 4, 5, 6, 7, 8]",9
wood_183705:000768,wood_183705,wood_small_80x59x14,challenge/data/01_real/manual_gt/wood_pallet_20260618_183705_manual_gt/000768.json,LEGACY_VISIBILITY_AND_PROVENANCE_UNKNOWN,"[0, 1, 2, 3, 4, 5, 6, 7, 8]",9
wood_183705:000828,wood_183705,wood_small_80x59x14,challenge/data/01_real/manual_gt/wood_pallet_20260618_183705_manual_gt/000828.json,LEGACY_VISIBILITY_AND_PROVENANCE_UNKNOWN,"[0, 1, 2, 3, 4, 5, 6, 7, 8]",9
wood_183705:000889,wood_183705,wood_small_80x59x14,challenge/data/01_real/manual_gt/wood_pallet_20260618_183705_manual_gt/000889.json,LEGACY_VISIBILITY_AND_PROVENANCE_UNKNOWN,"[0, 1, 2, 3, 4, 5, 6, 7, 8]",9
wood_183705:000949,wood_183705,wood_small_80x59x14,challenge/data/01_real/manual_gt/wood_pallet_20260618_183705_manual_gt/000949.json,LEGACY_VISIBILITY_AND_PROVENANCE_UNKNOWN,"[0, 1, 2, 3, 4, 5, 6, 7, 8]",9
wood_183705:001010,wood_183705,wood_small_80x59x14,challenge/data/01_real/manual_gt/wood_pallet_20260618_183705_manual_gt/001010.json,LEGACY_VISIBILITY_AND_PROVENANCE_UNKNOWN,"[0, 1, 2, 3, 4, 5, 6, 7, 8]",9
wood_183705:001070,wood_183705,wood_small_80x59x14,challenge/data/01_real/manual_gt/wood_pallet_20260618_183705_manual_gt/001070.json,LEGACY_VISIBILITY_AND_PROVENANCE_UNKNOWN,"[0, 1, 2, 3, 4, 5, 6, 7, 8]",9
wood_183705:001130,wood_183705,wood_small_80x59x14,challenge/data/01_real/manual_gt/wood_pallet_20260618_183705_manual_gt/001130.json,LEGACY_VISIBILITY_AND_PROVENANCE_UNKNOWN,"[0, 1, 2, 3, 4, 5, 6, 7, 8]",9
wood_183705:001193,wood_183705,wood_small_80x59x14,challenge/data/01_real/manual_gt/wood_pallet_20260618_183705_manual_gt/001193.json,LEGACY_VISIBILITY_AND_PROVENANCE_UNKNOWN,"[0, 1, 2, 3, 4, 5, 6, 7, 8]",9
wood_183705:001263,wood_183705,wood_small_80x59x14,challenge/data/01_real/manual_gt/wood_pallet_20260618_183705_manual_gt/001263.json,LEGACY_VISIBILITY_AND_PROVENANCE_UNKNOWN,"[0, 1, 2, 3, 4, 5, 6, 7, 8]",9
wood_183705:001327,wood_183705,wood_small_80x59x14,challenge/data/01_real/manual_gt/wood_pallet_20260618_183705_manual_gt/001327.json,LEGACY_VISIBILITY_AND_PROVENANCE_UNKNOWN,"[0, 1, 2, 3, 4, 5, 6, 7, 8]",9
wood_183705:001388,wood_183705,wood_small_80x59x14,challenge/data/01_real/manual_gt/wood_pallet_20260618_183705_manual_gt/001388.json,LEGACY_VISIBILITY_AND_PROVENANCE_UNKNOWN,"[0, 1, 2, 3, 4, 5, 6, 7, 8]",9
wood_183705:001463,wood_183705,wood_small_80x59x14,challenge/data/01_real/manual_gt/wood_pallet_20260618_183705_manual_gt/001463.json,LEGACY_VISIBILITY_AND_PROVENANCE_UNKNOWN,"[0, 1, 2, 3, 4, 5, 6, 7, 8]",9
wood_183705:001523,wood_183705,wood_small_80x59x14,challenge/data/01_real/manual_gt/wood_pallet_20260618_183705_manual_gt/001523.json,LEGACY_VISIBILITY_AND_PROVENANCE_UNKNOWN,"[0, 1, 2, 3, 4, 5, 6, 7, 8]",9
wood_184309:000012,wood_184309,wood_small_80x59x14,challenge/data/01_real/manual_gt/wood_pallet_20260618_184309_manual_gt/000012.json,LEGACY_VISIBILITY_AND_PROVENANCE_UNKNOWN,"[0, 1, 2, 3, 4, 5, 6, 7, 8]",9
wood_184309:000072,wood_184309,wood_small_80x59x14,challenge/data/01_real/manual_gt/wood_pallet_20260618_184309_manual_gt/000072.json,LEGACY_VISIBILITY_AND_PROVENANCE_UNKNOWN,"[0, 1, 2, 3, 4, 5, 6, 7, 8]",9
wood_184309:000132,wood_184309,wood_small_80x59x14,challenge/data/01_real/manual_gt/wood_pallet_20260618_184309_manual_gt/000132.json,LEGACY_VISIBILITY_AND_PROVENANCE_UNKNOWN,"[0, 1, 2, 3, 4, 5, 6, 7, 8]",9
wood_184309:000192,wood_184309,wood_small_80x59x14,challenge/data/01_real/manual_gt/wood_pallet_20260618_184309_manual_gt/000192.json,LEGACY_VISIBILITY_AND_PROVENANCE_UNKNOWN,"[0, 1, 2, 3, 4, 5, 6, 7, 8]",9
wood_184309:000252,wood_184309,wood_small_80x59x14,challenge/data/01_real/manual_gt/wood_pallet_20260618_184309_manual_gt/000252.json,LEGACY_VISIBILITY_AND_PROVENANCE_UNKNOWN,"[0, 1, 2, 3, 4, 5, 6, 7, 8]",9
wood_184309:000312,wood_184309,wood_small_80x59x14,challenge/data/01_real/manual_gt/wood_pallet_20260618_184309_manual_gt/000312.json,LEGACY_VISIBILITY_AND_PROVENANCE_UNKNOWN,"[0, 1, 2, 3, 4, 5, 6, 7, 8]",9
wood_184309:000372,wood_184309,wood_small_80x59x14,challenge/data/01_real/manual_gt/wood_pallet_20260618_184309_manual_gt/000372.json,LEGACY_VISIBILITY_AND_PROVENANCE_UNKNOWN,"[0, 1, 2, 3, 4, 5, 6, 7, 8]",9
wood_184309:000432,wood_184309,wood_small_80x59x14,challenge/data/01_real/manual_gt/wood_pallet_20260618_184309_manual_gt/000432.json,LEGACY_VISIBILITY_AND_PROVENANCE_UNKNOWN,"[0, 1, 2, 3, 4, 5, 6, 7, 8]",9
wood_184309:000492,wood_184309,wood_small_80x59x14,challenge/data/01_real/manual_gt/wood_pallet_20260618_184309_manual_gt/000492.json,LEGACY_VISIBILITY_AND_PROVENANCE_UNKNOWN,"[0, 1, 2, 3, 4, 5, 6, 7, 8]",9
wood_184309:000552,wood_184309,wood_small_80x59x14,challenge/data/01_real/manual_gt/wood_pallet_20260618_184309_manual_gt/000552.json,LEGACY_VISIBILITY_AND_PROVENANCE_UNKNOWN,"[0, 1, 2, 3, 4, 5, 6, 7, 8]",9
wood_184309:000612,wood_184309,wood_small_80x59x14,challenge/data/01_real/manual_gt/wood_pallet_20260618_184309_manual_gt/000612.json,LEGACY_VISIBILITY_AND_PROVENANCE_UNKNOWN,"[0, 1, 2, 3, 4, 5, 6, 7, 8]",9
wood_184309:000674,wood_184309,wood_small_80x59x14,challenge/data/01_real/manual_gt/wood_pallet_20260618_184309_manual_gt/000674.json,LEGACY_VISIBILITY_AND_PROVENANCE_UNKNOWN,"[0, 1, 2, 3, 4, 5, 6, 7, 8]",9
wood_184309:000734,wood_184309,wood_small_80x59x14,challenge/data/01_real/manual_gt/wood_pallet_20260618_184309_manual_gt/000734.json,LEGACY_VISIBILITY_AND_PROVENANCE_UNKNOWN,"[0, 1, 2, 3, 4, 5, 6, 7, 8]",9
wood_184309:000804,wood_184309,wood_small_80x59x14,challenge/data/01_real/manual_gt/wood_pallet_20260618_184309_manual_gt/000804.json,LEGACY_VISIBILITY_AND_PROVENANCE_UNKNOWN,"[0, 1, 2, 3, 4, 5, 6, 7, 8]",9
wood_184309:000864,wood_184309,wood_small_80x59x14,challenge/data/01_real/manual_gt/wood_pallet_20260618_184309_manual_gt/000864.json,LEGACY_VISIBILITY_AND_PROVENANCE_UNKNOWN,"[0, 1, 2, 3, 4, 5, 6, 7, 8]",9
wood_184309:000925,wood_184309,wood_small_80x59x14,challenge/data/01_real/manual_gt/wood_pallet_20260618_184309_manual_gt/000925.json,LEGACY_VISIBILITY_AND_PROVENANCE_UNKNOWN,"[0, 1, 2, 3, 4, 5, 6, 7, 8]",9
wood_184309:000987,wood_184309,wood_small_80x59x14,challenge/data/01_real/manual_gt/wood_pallet_20260618_184309_manual_gt/000987.json,LEGACY_VISIBILITY_AND_PROVENANCE_UNKNOWN,"[0, 1, 2, 3, 4, 5, 6, 7, 8]",9
wood_184309:001081,wood_184309,wood_small_80x59x14,challenge/data/01_real/manual_gt/wood_pallet_20260618_184309_manual_gt/001081.json,LEGACY_VISIBILITY_AND_PROVENANCE_UNKNOWN,"[0, 1, 2, 3, 4, 5, 6, 7, 8]",9
wood_184309:001141,wood_184309,wood_small_80x59x14,challenge/data/01_real/manual_gt/wood_pallet_20260618_184309_manual_gt/001141.json,LEGACY_VISIBILITY_AND_PROVENANCE_UNKNOWN,"[0, 1, 2, 3, 4, 5, 6, 7, 8]",9
wood_184309:001201,wood_184309,wood_small_80x59x14,challenge/data/01_real/manual_gt/wood_pallet_20260618_184309_manual_gt/001201.json,LEGACY_VISIBILITY_AND_PROVENANCE_UNKNOWN,"[0, 1, 2, 3, 4, 5, 6, 7, 8]",9
