model,frame_id,domain,session,n_cand,top1_conf,top1_iou,top1_is_correct,any_correct,correct_rank,best_correct_conf,best_wrong_conf,margin
A42,1779449467555301888,NIGHT,eval_night08,18,0.06297820806503296,0.005920641192735474,False,False,,,0.06297820806503296,
A42,1779449470423201536,NIGHT,eval_night08,11,0.07608352601528168,0.025318325279457182,False,False,,,0.07608352601528168,
A42,1779449475060066816,NIGHT,eval_night08,12,0.09988658130168915,0.04586088604422418,False,False,,,0.09988658130168915,
A42,1779449479095927552,NIGHT,eval_night08,14,0.061594702303409576,0.019171433500496174,False,False,,,0.061594702303409576,
A42,1779449481331070208,NIGHT,eval_night08,15,0.025123003870248795,0.012952291254959846,False,False,,,0.025123003870248795,
A42,1779449483432542720,NIGHT,eval_night08,14,0.09884782880544662,0.0,False,False,,,0.09884782880544662,
A42,1779449485800670464,NIGHT,eval_night08,12,0.06588272005319595,0.020174654732477346,False,False,,,0.06588272005319595,
A42,1779449488068910592,NIGHT,eval_night08,11,0.08740704506635666,0.055459224481657424,False,False,,,0.08740704506635666,
A42,1779449492505469440,NIGHT,eval_night08,8,0.055413246154785156,0.0,False,False,,,0.055413246154785156,
A42,1779449496875356416,NIGHT,eval_night08,16,0.03638642653822899,0.0,False,False,,,0.03638642653822899,
A42,1779449499143611648,NIGHT,eval_night08,15,0.39979198575019836,0.3674419804091159,False,True,9,0.0038455291651189327,0.39979198575019836,-0.39594645658507943
A42,1779449501478488320,NIGHT,eval_night08,12,0.35485172271728516,0.40938254158223325,False,False,,,0.35485172271728516,
A42,1779449575470221824,NIGHT,eval_night09,2,0.00994990486651659,0.10995504463707141,False,False,,,0.00994990486651659,
A42,1779449580573721600,NIGHT,eval_night09,6,0.013125020079314709,0.10804305162036487,False,False,,,0.013125020079314709,
A42,1779449591514485504,NIGHT,eval_night09,11,0.019191540777683258,0.058226616977698833,False,False,,,0.019191540777683258,
A42,1779449593782795264,NIGHT,eval_night09,7,0.22280217707157135,0.0,False,False,,,0.22280217707157135,
A42,1779449596017728000,NIGHT,eval_night09,15,0.04360167309641838,0.10465381444929533,False,False,,,0.04360167309641838,
A42,1779449602689248000,NIGHT,eval_night09,8,0.7577670812606812,0.32394689907757035,False,False,,,0.7577670812606812,
A42,1779449604823769344,NIGHT,eval_night09,1,0.0010452673304826021,0.0,False,False,,,0.0010452673304826021,
A42,1779449631842893312,NIGHT,eval_night09,10,0.08989203721284866,0.07920212816131643,False,False,,,0.08989203721284866,
A42,1779449634044385536,NIGHT,eval_night09,10,0.08004334568977356,0.045808267103914585,False,False,,,0.08004334568977356,
A42,1779449638581035008,NIGHT,eval_night09,9,0.04419274255633354,0.0323772422180232,False,False,,,0.04419274255633354,
A42,1779449643284402176,NIGHT,eval_night09,12,0.02597655914723873,0.1294793632582597,False,False,,,0.02597655914723873,
A42,1779449645419136000,NIGHT,eval_night09,9,0.24294331669807434,0.20872897333211557,False,False,,,0.24294331669807434,
A42,1779449647620845824,NIGHT,eval_night09,7,0.5048456788063049,0.17480677634529407,False,False,,,0.5048456788063049,
A42,1779449649655479552,NIGHT,eval_night09,2,0.8528933525085449,0.26445441965751143,False,False,,,0.8528933525085449,
A42,1779449656527024896,NIGHT,eval_night09,6,0.4982910454273224,0.32122282708905253,False,False,,,0.4982910454273224,
A42,1779449661263803392,NIGHT,eval_night09,12,0.02910323068499565,0.0,False,True,2,0.010494447313249111,0.02910323068499565,-0.01860878337174654
C42,1779449467555301888,NIGHT,eval_night08,16,0.3218955397605896,0.0,False,False,,,0.3218955397605896,
C42,1779449470423201536,NIGHT,eval_night08,5,0.018162598833441734,0.0300673427233736,False,False,,,0.018162598833441734,
C42,1779449475060066816,NIGHT,eval_night08,10,0.05075691640377045,0.0,False,True,2,0.03013242594897747,0.05075691640377045,-0.020624490454792976
C42,1779449479095927552,NIGHT,eval_night08,15,0.2303517758846283,0.7443625506609943,True,True,1,0.2303517758846283,0.0246194526553154,0.2057323232293129
C42,1779449481331070208,NIGHT,eval_night08,8,0.19011566042900085,0.1618335675198899,False,True,2,0.03602517768740654,0.19011566042900085,-0.15409048274159431
C42,1779449483432542720,NIGHT,eval_night08,14,0.01769687421619892,0.0,False,True,11,0.0012231242144480348,0.01769687421619892,-0.016473750001750886
C42,1779449485800670464,NIGHT,eval_night08,10,0.31670939922332764,0.6662727513866316,True,True,1,0.31670939922332764,0.016453515738248825,0.3002558834850788
C42,1779449488068910592,NIGHT,eval_night08,3,0.015352246351540089,0.0,False,True,2,0.012863663025200367,0.015352246351540089,-0.0024885833263397217
C42,1779449492505469440,NIGHT,eval_night08,4,0.2870264947414398,0.5588814385285389,True,True,1,0.2870264947414398,0.01142727117985487,0.27559922356158495
C42,1779449496875356416,NIGHT,eval_night08,1,0.0049661314114928246,0.027838028453594347,False,False,,,0.0049661314114928246,
C42,1779449499143611648,NIGHT,eval_night08,3,0.6055936217308044,0.7364313304907127,True,True,1,0.6055936217308044,0.009084475226700306,0.5965091465041041
C42,1779449501478488320,NIGHT,eval_night08,3,0.8368282318115234,0.9151736965416194,True,True,1,0.8368282318115234,,0.8368282318115234
C42,1779449575470221824,NIGHT,eval_night09,7,0.4045722484588623,0.5021275206588712,True,True,1,0.4045722484588623,0.003102667164057493,0.4014695812948048
C42,1779449580573721600,NIGHT,eval_night09,7,0.22340336441993713,0.41156302634382236,False,True,5,0.002786685712635517,0.22340336441993713,-0.22061667870730162
C42,1779449591514485504,NIGHT,eval_night09,11,0.13531708717346191,0.2795530779803241,False,False,,,0.13531708717346191,
C42,1779449593782795264,NIGHT,eval_night09,8,0.0456799753010273,0.35487436067884115,False,False,,,0.0456799753010273,
C42,1779449596017728000,NIGHT,eval_night09,4,0.48215529322624207,0.0,False,False,,,0.48215529322624207,
C42,1779449602689248000,NIGHT,eval_night09,3,0.7126793265342712,0.6988064735663873,True,True,1,0.7126793265342712,0.12588298320770264,0.5867963433265686
C42,1779449604823769344,NIGHT,eval_night09,1,0.11764130741357803,0.0,False,False,,,0.11764130741357803,
C42,1779449631842893312,NIGHT,eval_night09,3,0.41035884618759155,0.6858390448731693,True,True,1,0.41035884618759155,,0.41035884618759155
C42,1779449634044385536,NIGHT,eval_night09,7,0.6488935947418213,0.714887937964758,True,True,1,0.6488935947418213,0.0014125654706731439,0.6474810292711481
C42,1779449638581035008,NIGHT,eval_night09,4,0.044766660779714584,0.38370805389069934,False,True,2,0.023950407281517982,0.044766660779714584,-0.020816253498196602
C42,1779449643284402176,NIGHT,eval_night09,7,0.0996626764535904,0.46215284559461806,False,True,2,0.047289613634347916,0.0996626764535904,-0.05237306281924248
C42,1779449645419136000,NIGHT,eval_night09,10,0.605309247970581,0.7086314410027491,True,True,1,0.605309247970581,0.01779167540371418,0.5875175725668669
C42,1779449647620845824,NIGHT,eval_night09,2,0.9076265692710876,0.7580053061843113,True,True,1,0.9076265692710876,,0.9076265692710876
C42,1779449649655479552,NIGHT,eval_night09,3,0.9478065371513367,0.8351344642189561,True,True,1,0.9478065371513367,0.0012926519848406315,0.946513885166496
C42,1779449656527024896,NIGHT,eval_night09,2,0.8359600305557251,0.7646887261328781,True,True,1,0.8359600305557251,,0.8359600305557251
C42,1779449661263803392,NIGHT,eval_night09,3,0.2778906524181366,0.0,False,False,,,0.2778906524181366,
C43,1779449467555301888,NIGHT,eval_night08,16,0.37240222096443176,0.02551429695101726,False,True,3,0.3346100449562073,0.37240222096443176,-0.03779217600822449
C43,1779449470423201536,NIGHT,eval_night08,9,0.33390018343925476,0.028514808360465355,False,True,2,0.06839009374380112,0.33390018343925476,-0.26551008969545364
C43,1779449475060066816,NIGHT,eval_night08,12,0.16148313879966736,0.026902405855270168,False,True,2,0.10074052959680557,0.16148313879966736,-0.060742609202861786
C43,1779449479095927552,NIGHT,eval_night08,14,0.3614985942840576,0.7341367475891813,True,True,1,0.3614985942840576,0.28946033120155334,0.07203826308250427
C43,1779449481331070208,NIGHT,eval_night08,12,0.618887722492218,0.6921983718312329,True,True,1,0.618887722492218,0.08027705550193787,0.5386106669902802
C43,1779449483432542720,NIGHT,eval_night08,8,0.8137211203575134,0.034950766964123144,False,True,2,0.026905274018645287,0.8137211203575134,-0.7868158463388681
C43,1779449485800670464,NIGHT,eval_night08,7,0.07575134187936783,0.0,False,True,2,0.033864621073007584,0.07575134187936783,-0.041886720806360245
C43,1779449488068910592,NIGHT,eval_night08,3,0.8447807431221008,0.5001202986689818,True,True,1,0.8447807431221008,0.0063642761670053005,0.8384164669550955
C43,1779449492505469440,NIGHT,eval_night08,5,0.43375363945961,0.6596284628826323,True,True,1,0.43375363945961,0.0025798757560551167,0.43117376370355487
C43,1779449496875356416,NIGHT,eval_night08,7,0.01748756319284439,0.014558862323293531,False,True,2,0.01051517017185688,0.01748756319284439,-0.006972393020987511
C43,1779449499143611648,NIGHT,eval_night08,8,0.27808329463005066,0.7823833410869894,True,True,1,0.27808329463005066,0.005315715912729502,0.27276757871732116
C43,1779449501478488320,NIGHT,eval_night08,4,0.9001060128211975,0.8949681614691289,True,True,1,0.9001060128211975,0.0017602442530915141,0.898345768568106
C43,1779449575470221824,NIGHT,eval_night09,13,0.4845260977745056,0.5643512316656383,True,True,1,0.4845260977745056,0.0036450864281505346,0.4808810113463551
C43,1779449580573721600,NIGHT,eval_night09,10,0.47992613911628723,0.6509006001013519,True,True,1,0.47992613911628723,0.31590762734413147,0.16401851177215576
C43,1779449591514485504,NIGHT,eval_night09,16,0.4638383686542511,0.4223891059027778,False,True,2,0.058424849063158035,0.4638383686542511,-0.40541351959109306
C43,1779449593782795264,NIGHT,eval_night09,8,0.03829671069979668,0.3624363869092901,False,False,,,0.03829671069979668,
C43,1779449596017728000,NIGHT,eval_night09,5,0.693079948425293,0.7758291796390765,True,True,1,0.693079948425293,0.0043291375041007996,0.6887508109211922
C43,1779449602689248000,NIGHT,eval_night09,6,0.6611406803131104,0.7895098233596494,True,True,1,0.6611406803131104,0.28255388140678406,0.3785867989063263
C43,1779449604823769344,NIGHT,eval_night09,3,0.012288274243474007,0.0,False,True,3,0.0026497559156268835,0.012288274243474007,-0.009638518327847123
C43,1779449631842893312,NIGHT,eval_night09,4,0.7707476615905762,0.7564739947583506,True,True,1,0.7707476615905762,0.0038634443189948797,0.7668842172715813
C43,1779449634044385536,NIGHT,eval_night09,6,0.5511934757232666,0.793544602338641,True,True,1,0.5511934757232666,0.006591413635760546,0.5446020620875061
C43,1779449638581035008,NIGHT,eval_night09,5,0.5108729004859924,0.7642577427099356,True,True,1,0.5108729004859924,0.0022567787673324347,0.50861612171866
C43,1779449643284402176,NIGHT,eval_night09,8,0.622519850730896,0.7940725303336653,True,True,1,0.622519850730896,0.06411141902208328,0.5584084317088127
C43,1779449645419136000,NIGHT,eval_night09,1,0.8330090641975403,0.8276297812751836,True,True,1,0.8330090641975403,,0.8330090641975403
C43,1779449647620845824,NIGHT,eval_night09,1,0.9206432104110718,0.8480253000199877,True,True,1,0.9206432104110718,,0.9206432104110718
C43,1779449649655479552,NIGHT,eval_night09,1,0.8914321064949036,0.8540510002871257,True,True,1,0.8914321064949036,,0.8914321064949036
C43,1779449656527024896,NIGHT,eval_night09,4,0.4979214370250702,0.0,False,True,2,0.013272038660943508,0.4979214370250702,-0.4846493983641267
C43,1779449661263803392,NIGHT,eval_night09,3,0.8035471439361572,0.5773259080926416,True,True,1,0.8035471439361572,0.028780987486243248,0.774766156449914
E42,1779449467555301888,NIGHT,eval_night08,15,0.07680218666791916,0.583597510816309,True,True,1,0.07680218666791916,0.0570509247481823,0.019751261919736862
E42,1779449470423201536,NIGHT,eval_night08,8,0.03135808929800987,0.013534017150435477,False,False,,,0.03135808929800987,
E42,1779449475060066816,NIGHT,eval_night08,10,0.0504799447953701,0.1677207228361091,False,False,,,0.0504799447953701,
E42,1779449479095927552,NIGHT,eval_night08,9,0.15634337067604065,0.7555013945038677,True,True,1,0.15634337067604065,0.04337165504693985,0.1129717156291008
E42,1779449481331070208,NIGHT,eval_night08,8,0.043844208121299744,0.027824264087669515,False,True,4,0.00623237295076251,0.043844208121299744,-0.03761183517053723
E42,1779449483432542720,NIGHT,eval_night08,3,0.8237220048904419,0.031690498214979115,False,False,,,0.8237220048904419,
E42,1779449485800670464,NIGHT,eval_night08,8,0.1853944957256317,0.031111907982512534,False,True,2,0.07512622326612473,0.1853944957256317,-0.11026827245950699
E42,1779449488068910592,NIGHT,eval_night08,6,0.6176918745040894,0.6324891298913584,True,True,1,0.6176918745040894,0.027839208021759987,0.5898526664823294
E42,1779449492505469440,NIGHT,eval_night08,10,0.1295035481452942,0.0034121014629590273,False,True,7,0.0021365168504416943,0.1295035481452942,-0.1273670312948525
E42,1779449496875356416,NIGHT,eval_night08,3,0.46479690074920654,0.012383318728061744,False,True,3,0.002696569776162505,0.46479690074920654,-0.46210033097304404
E42,1779449499143611648,NIGHT,eval_night08,3,0.74705570936203,0.7651781163074788,True,True,1,0.74705570936203,0.03585197404026985,0.7112037353217602
E42,1779449501478488320,NIGHT,eval_night08,1,0.8999060392379761,0.8507047004185652,True,True,1,0.8999060392379761,,0.8999060392379761
E42,1779449575470221824,NIGHT,eval_night09,9,0.12731391191482544,0.7041206150260151,True,True,1,0.12731391191482544,0.043753381818532944,0.0835605300962925
E42,1779449580573721600,NIGHT,eval_night09,13,0.30145540833473206,0.5456897842568176,True,True,1,0.30145540833473206,0.022660227492451668,0.2787951808422804
E42,1779449591514485504,NIGHT,eval_night09,4,0.04661862179636955,0.3117272081487029,False,True,2,0.005971834994852543,0.04661862179636955,-0.04064678680151701
E42,1779449593782795264,NIGHT,eval_night09,3,0.09318985790014267,0.30721503132226924,False,False,,,0.09318985790014267,
E42,1779449596017728000,NIGHT,eval_night09,3,0.001928452169522643,0.4576024632760532,False,True,2,0.0012940425658598542,0.001928452169522643,-0.0006344096036627889
E42,1779449602689248000,NIGHT,eval_night09,2,0.8206758499145508,0.6970445165259844,True,True,1,0.8206758499145508,0.01021405216306448,0.8104617977514863
E42,1779449604823769344,NIGHT,eval_night09,2,0.016617314890027046,0.3327163713369307,False,False,,,0.016617314890027046,
E42,1779449631842893312,NIGHT,eval_night09,10,0.3447940945625305,0.055434849334826224,False,True,2,0.2539885640144348,0.3447940945625305,-0.0908055305480957
E42,1779449634044385536,NIGHT,eval_night09,6,0.3970775604248047,0.711228141564237,True,True,1,0.3970775604248047,0.17485633492469788,0.2222212255001068
E42,1779449638581035008,NIGHT,eval_night09,7,0.22928555309772491,0.052887591404867575,False,False,,,0.22928555309772491,
E42,1779449643284402176,NIGHT,eval_night09,4,0.014818993397057056,0.7905842832824985,True,True,1,0.014818993397057056,,0.014818993397057056
E42,1779449645419136000,NIGHT,eval_night09,8,0.07540813088417053,0.3730936753083109,False,True,2,0.014394920319318771,0.07540813088417053,-0.06101321056485176
E42,1779449647620845824,NIGHT,eval_night09,4,0.2581426501274109,0.7421853429068361,True,True,1,0.2581426501274109,0.013386965729296207,0.24475568439811468
E42,1779449649655479552,NIGHT,eval_night09,3,0.021210188046097755,0.8306907578146677,True,True,1,0.021210188046097755,0.0023248009383678436,0.018885387107729912
E42,1779449656527024896,NIGHT,eval_night09,1,0.012065015733242035,0.8974350029807101,True,True,1,0.012065015733242035,,0.012065015733242035
E42,1779449661263803392,NIGHT,eval_night09,3,0.03953093662858009,0.0,False,True,3,0.001167324255220592,0.03953093662858009,-0.0383636123733595
FT,1779449467555301888,NIGHT,eval_night08,2,0.9739441275596619,0.7951817732029405,True,True,1,0.9739441275596619,,0.9739441275596619
FT,1779449470423201536,NIGHT,eval_night08,1,0.9375256299972534,0.939482080149502,True,True,1,0.9375256299972534,,0.9375256299972534
FT,1779449475060066816,NIGHT,eval_night08,1,0.9515272378921509,0.8460682430152179,True,True,1,0.9515272378921509,,0.9515272378921509
FT,1779449479095927552,NIGHT,eval_night08,2,0.9691570997238159,0.8237093973688596,True,True,1,0.9691570997238159,,0.9691570997238159
FT,1779449481331070208,NIGHT,eval_night08,1,0.9726077914237976,0.8792152375908104,True,True,1,0.9726077914237976,,0.9726077914237976
FT,1779449483432542720,NIGHT,eval_night08,1,0.9687285423278809,0.744218391160669,True,True,1,0.9687285423278809,,0.9687285423278809
FT,1779449485800670464,NIGHT,eval_night08,1,0.9861504435539246,0.8185061138746309,True,True,1,0.9861504435539246,,0.9861504435539246
FT,1779449488068910592,NIGHT,eval_night08,2,0.9493246674537659,0.8514760447236821,True,True,1,0.9493246674537659,,0.9493246674537659
FT,1779449492505469440,NIGHT,eval_night08,1,0.9812286496162415,0.906679513315423,True,True,1,0.9812286496162415,,0.9812286496162415
FT,1779449496875356416,NIGHT,eval_night08,3,0.869644284248352,0.9128054822468273,True,True,1,0.869644284248352,,0.869644284248352
FT,1779449499143611648,NIGHT,eval_night08,2,0.3432459235191345,0.8940061590961069,True,True,1,0.3432459235191345,,0.3432459235191345
FT,1779449501478488320,NIGHT,eval_night08,1,0.9848697185516357,0.950751255167514,True,True,1,0.9848697185516357,,0.9848697185516357
FT,1779449575470221824,NIGHT,eval_night09,1,0.9695194363594055,0.7832649912664735,True,True,1,0.9695194363594055,,0.9695194363594055
FT,1779449580573721600,NIGHT,eval_night09,1,0.9699623584747314,0.955204813966036,True,True,1,0.9699623584747314,,0.9699623584747314
FT,1779449591514485504,NIGHT,eval_night09,1,0.9616201519966125,0.8659944265106477,True,True,1,0.9616201519966125,,0.9616201519966125
FT,1779449593782795264,NIGHT,eval_night09,1,0.9772689342498779,0.8876198006023729,True,True,1,0.9772689342498779,,0.9772689342498779
FT,1779449596017728000,NIGHT,eval_night09,1,0.9820772409439087,0.8971437389341502,True,True,1,0.9820772409439087,,0.9820772409439087
FT,1779449602689248000,NIGHT,eval_night09,1,0.9794332981109619,0.8806480923551311,True,True,1,0.9794332981109619,,0.9794332981109619
FT,1779449604823769344,NIGHT,eval_night09,3,0.9373531937599182,0.8806809459674295,True,True,1,0.9373531937599182,0.006970515474677086,0.9303826782852411
FT,1779449631842893312,NIGHT,eval_night09,1,0.9565435647964478,0.8437788316699139,True,True,1,0.9565435647964478,,0.9565435647964478
FT,1779449634044385536,NIGHT,eval_night09,1,0.9576238989830017,0.9085320108502148,True,True,1,0.9576238989830017,,0.9576238989830017
FT,1779449638581035008,NIGHT,eval_night09,1,0.9590890407562256,0.8404358634266179,True,True,1,0.9590890407562256,,0.9590890407562256
FT,1779449643284402176,NIGHT,eval_night09,1,0.8667681217193604,0.8649879689302756,True,True,1,0.8667681217193604,,0.8667681217193604
FT,1779449645419136000,NIGHT,eval_night09,1,0.9503990411758423,0.9251844720571838,True,True,1,0.9503990411758423,,0.9503990411758423
FT,1779449647620845824,NIGHT,eval_night09,1,0.9261719584465027,0.8141643862493755,True,True,1,0.9261719584465027,,0.9261719584465027
FT,1779449649655479552,NIGHT,eval_night09,1,0.9591538310050964,0.7841166208512095,True,True,1,0.9591538310050964,,0.9591538310050964
FT,1779449656527024896,NIGHT,eval_night09,1,0.9814918637275696,0.8158109900576553,True,True,1,0.9814918637275696,,0.9814918637275696
FT,1779449661263803392,NIGHT,eval_night09,2,0.007167109753936529,0.2417802967392564,False,False,,,0.007167109753936529,
